ID_img,class
2138.jpg,4.0
2139.jpg,6.0
2140.jpg,3.0
2141.jpg,6.0
2142.jpg,3.0
2143.jpg,4.0
2144.jpg,4.0
2145.jpg,4.0
2146.jpg,1.0
2147.jpg,1.0
2148.jpg,7.0
2149.jpg,3.0
2150.jpg,1.0
2151.jpg,1.0
2152.jpg,1.0
2153.jpg,1.0
2154.jpg,3.0
2155.jpg,1.0
2156.jpg,3.0
2157.jpg,1.0
2158.jpg,4.0
2159.jpg,3.0
2160.jpg,1.0
2161.jpg,5.0
2162.jpg,4.0
2163.jpg,3.0
2164.jpg,7.0
2165.jpg,1.0
2166.jpg,6.0
2167.jpg,4.0
2168.jpg,5.0
2169.jpg,4.0
2170.jpg,3.0
2171.jpg,4.0
2172.jpg,1.0
2173.jpg,5.0
2174.jpg,1.0
2175.jpg,0.0
2176.jpg,4.0
2177.jpg,3.0
2178.jpg,1.0
2179.jpg,5.0
2180.jpg,1.0
2181.jpg,0.0
2182.jpg,1.0
2183.jpg,1.0
2184.jpg,1.0
2185.jpg,3.0
2186.jpg,1.0
2187.jpg,3.0
2188.jpg,1.0
2189.jpg,0.0
2190.jpg,3.0
2191.jpg,4.0
2192.jpg,5.0
2193.jpg,2.0
2194.jpg,5.0
2195.jpg,3.0
2196.jpg,3.0
2197.jpg,4.0
2198.jpg,3.0
2199.jpg,0.0
2200.jpg,0.0
2201.jpg,1.0
2202.jpg,5.0
2203.jpg,1.0
2204.jpg,2.0
2205.jpg,2.0
2206.jpg,1.0
2207.jpg,7.0
2208.jpg,3.0
2209.jpg,3.0
2210.jpg,2.0
2211.jpg,4.0
2212.jpg,3.0
2213.jpg,3.0
2214.jpg,3.0
2215.jpg,1.0
2216.jpg,5.0
2217.jpg,1.0
2218.jpg,1.0
2219.jpg,3.0
2220.jpg,3.0
2221.jpg,4.0
2222.jpg,3.0
2223.jpg,4.0
2224.jpg,7.0
2225.jpg,5.0
2226.jpg,1.0
2227.jpg,3.0
2228.jpg,0.0
2229.jpg,4.0
2230.jpg,3.0
2231.jpg,1.0
2232.jpg,0.0
2233.jpg,1.0
2234.jpg,3.0
2235.jpg,3.0
2236.jpg,3.0
2237.jpg,1.0
2238.jpg,1.0
2239.jpg,3.0
2240.jpg,3.0
2241.jpg,1.0
2242.jpg,6.0
2243.jpg,3.0
2244.jpg,4.0
2245.jpg,6.0
2246.jpg,6.0
2247.jpg,3.0
2248.jpg,5.0
2249.jpg,3.0
2250.jpg,1.0
2251.jpg,3.0
2252.jpg,3.0
2253.jpg,1.0
2254.jpg,7.0
2255.jpg,6.0
2256.jpg,2.0
2257.jpg,1.0
2258.jpg,0.0
2259.jpg,3.0
2260.jpg,3.0
2261.jpg,3.0
2262.jpg,3.0
2263.jpg,1.0
2264.jpg,1.0
2265.jpg,1.0
2266.jpg,5.0
2267.jpg,5.0
2268.jpg,3.0
2269.jpg,1.0
2270.jpg,1.0
2271.jpg,4.0
2272.jpg,5.0
2273.jpg,4.0
2274.jpg,6.0
2275.jpg,4.0
2276.jpg,0.0
2277.jpg,6.0
2278.jpg,5.0
2279.jpg,0.0
2280.jpg,4.0
2281.jpg,4.0
2282.jpg,3.0
2283.jpg,1.0
2284.jpg,5.0
2285.jpg,1.0
2286.jpg,3.0
2287.jpg,1.0
2289.jpg,1.0
2290.jpg,2.0
2291.jpg,2.0
2292.jpg,1.0
2293.jpg,6.0
2294.jpg,1.0
2295.jpg,3.0
2296.jpg,5.0
2297.jpg,3.0
2298.jpg,7.0
2299.jpg,3.0
2300.jpg,4.0
2301.jpg,6.0
2302.jpg,6.0
2303.jpg,4.0
2304.jpg,1.0
2305.jpg,5.0
2306.jpg,0.0
2307.jpg,7.0
2308.jpg,4.0
2309.jpg,1.0
2310.jpg,4.0
2311.jpg,0.0
2312.jpg,1.0
2313.jpg,1.0
2314.jpg,4.0
2315.jpg,1.0
2316.jpg,1.0
2317.jpg,5.0
2318.jpg,1.0
2319.jpg,5.0
2320.jpg,3.0
2321.jpg,1.0
2322.jpg,3.0
2323.jpg,4.0
2324.jpg,3.0
2325.jpg,0.0
2326.jpg,5.0
2327.jpg,6.0
2328.jpg,3.0
2329.jpg,1.0
2330.jpg,1.0
2331.jpg,1.0
2332.jpg,4.0
2333.jpg,5.0
2334.jpg,4.0
2335.jpg,5.0
2336.jpg,3.0
2337.jpg,6.0
2338.jpg,5.0
2339.jpg,5.0
2340.jpg,5.0
2341.jpg,5.0
2342.jpg,4.0
2343.jpg,3.0
2344.jpg,5.0
2345.jpg,1.0
2346.jpg,1.0
2347.jpg,2.0
2348.jpg,2.0
2349.jpg,7.0
2350.jpg,3.0
2351.jpg,1.0
2352.jpg,5.0
2353.jpg,4.0
2354.jpg,3.0
2355.jpg,3.0
2356.jpg,1.0
2357.jpg,1.0
2358.jpg,1.0
2359.jpg,0.0
2360.jpg,6.0
2361.jpg,1.0
2362.jpg,1.0
2363.jpg,1.0
2364.jpg,3.0
2365.jpg,4.0
2366.jpg,3.0
2367.jpg,3.0
2368.jpg,1.0
2369.jpg,1.0
2370.jpg,3.0
2371.jpg,4.0
2372.jpg,3.0
2373.jpg,4.0
2374.jpg,5.0
2375.jpg,0.0
2376.jpg,3.0
2377.jpg,4.0
2378.jpg,7.0
2379.jpg,3.0
2380.jpg,1.0
2381.jpg,4.0
2382.jpg,1.0
2383.jpg,3.0
2384.jpg,7.0
2385.jpg,0.0
2386.jpg,1.0
2387.jpg,4.0
2388.jpg,1.0
2389.jpg,7.0
2390.jpg,1.0
2391.jpg,1.0
2392.jpg,5.0
2393.jpg,3.0
2394.jpg,1.0
2395.jpg,4.0
2396.jpg,1.0
2397.jpg,1.0
2398.jpg,3.0
2399.jpg,3.0
2400.jpg,5.0
2401.jpg,1.0
2402.jpg,1.0
2403.jpg,1.0
2404.jpg,3.0
2405.jpg,1.0
2406.jpg,1.0
2407.jpg,3.0
2408.jpg,2.0
2409.jpg,0.0
2410.jpg,1.0
2411.jpg,4.0
2412.jpg,1.0
2413.jpg,3.0
2414.jpg,5.0
2415.jpg,0.0
2416.jpg,1.0
2417.jpg,3.0
2418.jpg,4.0
2419.jpg,3.0
2420.jpg,0.0
2421.jpg,4.0
2422.jpg,3.0
2423.jpg,1.0
2424.jpg,0.0
2425.jpg,3.0
2426.jpg,3.0
2427.jpg,1.0
2428.jpg,1.0
2429.jpg,1.0
2430.jpg,1.0
2431.jpg,0.0
2432.jpg,4.0
2433.jpg,1.0
2434.jpg,3.0
2435.jpg,4.0
2436.jpg,4.0
2437.jpg,1.0
2438.jpg,5.0
2439.jpg,4.0
2440.jpg,4.0
2441.jpg,1.0
2442.jpg,3.0
2443.jpg,1.0
2444.jpg,4.0
2445.jpg,1.0
2446.jpg,5.0
2447.jpg,5.0
2448.jpg,1.0
2449.jpg,7.0
2450.jpg,0.0
2451.jpg,6.0
2452.jpg,2.0
2453.jpg,1.0
2454.jpg,1.0
2455.jpg,7.0
2456.jpg,1.0
2457.jpg,3.0
2458.jpg,1.0
2459.jpg,4.0
2460.jpg,4.0
2461.jpg,2.0
2462.jpg,3.0
2463.jpg,3.0
2464.jpg,1.0
2465.jpg,1.0
2466.jpg,4.0
2467.jpg,1.0
2468.jpg,5.0
2469.jpg,1.0
2470.jpg,1.0
2471.jpg,3.0
2472.jpg,3.0
2473.jpg,3.0
2474.jpg,1.0
2475.jpg,4.0
2476.jpg,4.0
2477.jpg,4.0
2478.jpg,0.0
2479.jpg,1.0
2480.jpg,6.0
2481.jpg,4.0
2482.jpg,4.0
2483.jpg,1.0
2484.jpg,3.0
2485.jpg,5.0
2486.jpg,0.0
2487.jpg,4.0
2488.jpg,1.0
2489.jpg,1.0
2490.jpg,1.0
2491.jpg,1.0
2492.jpg,3.0
2493.jpg,6.0
2494.jpg,4.0
2495.jpg,0.0
2496.jpg,1.0
2497.jpg,4.0
2498.jpg,3.0
2499.jpg,3.0
2500.jpg,1.0
2501.jpg,4.0
2502.jpg,0.0
2503.jpg,4.0
2504.jpg,5.0
2505.jpg,0.0
2506.jpg,6.0
2507.jpg,6.0
2508.jpg,3.0
2509.jpg,7.0
2510.jpg,5.0
2511.jpg,1.0
2512.jpg,2.0
2513.jpg,0.0
2514.jpg,1.0
2515.jpg,4.0
2516.jpg,4.0
2517.jpg,4.0
2518.jpg,1.0
2519.jpg,3.0
2520.jpg,7.0
2521.jpg,4.0
2522.jpg,4.0
2523.jpg,0.0
2524.jpg,3.0
2525.jpg,6.0
2526.jpg,2.0
2527.jpg,1.0
2528.jpg,3.0
2529.jpg,1.0
2530.jpg,4.0
2531.jpg,3.0
2532.jpg,3.0
2533.jpg,7.0
2534.jpg,5.0
2535.jpg,1.0
2536.jpg,3.0
2537.jpg,1.0
2538.jpg,3.0
2539.jpg,4.0
2540.jpg,3.0
2541.jpg,1.0
2542.jpg,1.0
2543.jpg,6.0
2544.jpg,1.0
2545.jpg,4.0
2546.jpg,2.0
2547.jpg,5.0
2548.jpg,3.0
2549.jpg,0.0
2550.jpg,1.0
2551.jpg,1.0
2552.jpg,2.0
2553.jpg,4.0
2554.jpg,1.0
2555.jpg,4.0
2556.jpg,7.0
2557.jpg,3.0
2558.jpg,1.0
2559.jpg,4.0
2560.jpg,3.0
2561.jpg,1.0
2562.jpg,3.0
2563.jpg,2.0
2564.jpg,2.0
2565.jpg,7.0
2566.jpg,1.0
2567.jpg,4.0
2568.jpg,0.0
2569.jpg,0.0
2570.jpg,1.0
2571.jpg,4.0
2572.jpg,3.0
2573.jpg,1.0
2574.jpg,2.0
2575.jpg,3.0
2576.jpg,4.0
2577.jpg,1.0
2578.jpg,0.0
2579.jpg,2.0
2580.jpg,5.0
2581.jpg,1.0
2582.jpg,3.0
2583.jpg,6.0
2584.jpg,1.0
2585.jpg,7.0
2586.jpg,5.0
2587.jpg,5.0
2588.jpg,6.0
2589.jpg,1.0
2590.jpg,1.0
2591.jpg,3.0
2592.jpg,1.0
2593.jpg,2.0
2594.jpg,4.0
2595.jpg,3.0
2596.jpg,4.0
2597.jpg,5.0
2598.jpg,2.0
2599.jpg,5.0
2600.jpg,0.0
2601.jpg,3.0
2602.jpg,1.0
2603.jpg,4.0
2604.jpg,1.0
2605.jpg,4.0
2606.jpg,4.0
2607.jpg,1.0
2608.jpg,1.0
2609.jpg,1.0
2610.jpg,3.0
2611.jpg,1.0
2612.jpg,6.0
2613.jpg,3.0
2614.jpg,6.0
2615.jpg,3.0
2616.jpg,5.0
2617.jpg,2.0
2618.jpg,3.0
2619.jpg,1.0
2620.jpg,1.0
2621.jpg,3.0
2622.jpg,5.0
2623.jpg,5.0
2624.jpg,3.0
2625.jpg,5.0
2626.jpg,4.0
2627.jpg,4.0
2628.jpg,1.0
2629.jpg,1.0
2630.jpg,1.0
2631.jpg,5.0
2632.jpg,5.0
2633.jpg,1.0
2634.jpg,3.0
2635.jpg,1.0
2636.jpg,1.0
2637.jpg,4.0
2638.jpg,7.0
2639.jpg,0.0
2640.jpg,3.0
2641.jpg,3.0
2642.jpg,5.0
2643.jpg,3.0
2644.jpg,0.0
2645.jpg,1.0
2646.jpg,3.0
2647.jpg,3.0
2648.jpg,3.0
2649.jpg,3.0
2650.jpg,1.0
2651.jpg,4.0
2652.jpg,1.0
2653.jpg,1.0
2654.jpg,6.0
2655.jpg,3.0
2656.jpg,3.0
2657.jpg,4.0
2658.jpg,4.0
2659.jpg,5.0
2660.jpg,3.0
2661.jpg,4.0
2662.jpg,4.0
2663.jpg,1.0
2664.jpg,1.0
2665.jpg,1.0
2666.jpg,5.0
2667.jpg,1.0
2668.jpg,3.0
2669.jpg,2.0
2670.jpg,3.0
2671.jpg,1.0
2672.jpg,1.0
2673.jpg,1.0
2674.jpg,1.0
2675.jpg,2.0
2676.jpg,3.0
2677.jpg,7.0
2678.jpg,0.0
2679.jpg,5.0
2680.jpg,5.0
2681.jpg,4.0
2682.jpg,0.0
2683.jpg,1.0
2684.jpg,1.0
2685.jpg,6.0
2686.jpg,1.0
2687.jpg,4.0
2688.jpg,3.0
2689.jpg,1.0
2690.jpg,1.0
2691.jpg,4.0
2692.jpg,3.0
2693.jpg,3.0
2694.jpg,0.0
2695.jpg,4.0
2696.jpg,4.0
2697.jpg,1.0
2698.jpg,3.0
2699.jpg,3.0
2700.jpg,4.0
2701.jpg,3.0
2702.jpg,5.0
2703.jpg,3.0
2704.jpg,1.0
2705.jpg,1.0
2706.jpg,4.0
2707.jpg,0.0
2708.jpg,4.0
2709.jpg,3.0
2710.jpg,1.0
2711.jpg,0.0
2712.jpg,3.0
2713.jpg,1.0
2714.jpg,1.0
2715.jpg,6.0
2716.jpg,1.0
2717.jpg,7.0
2718.jpg,4.0
2719.jpg,3.0
2720.jpg,1.0
2721.jpg,3.0
2722.jpg,4.0
2723.jpg,1.0
2724.jpg,1.0
2725.jpg,4.0
2726.jpg,1.0
2727.jpg,3.0
2728.jpg,4.0
2729.jpg,1.0
2730.jpg,0.0
2731.jpg,3.0
2732.jpg,1.0
2733.jpg,1.0
2734.jpg,1.0
2735.jpg,4.0
2736.jpg,1.0
2737.jpg,4.0
2738.jpg,3.0
2739.jpg,0.0
2740.jpg,2.0
2741.jpg,6.0
2742.jpg,6.0
2743.jpg,0.0
2744.jpg,0.0
2745.jpg,1.0
2746.jpg,1.0
2747.jpg,1.0
2748.jpg,3.0
2749.jpg,1.0
2750.jpg,3.0
2751.jpg,1.0
2752.jpg,4.0
2753.jpg,3.0
2754.jpg,1.0
2755.jpg,1.0
2756.jpg,4.0
2757.jpg,3.0
2758.jpg,1.0
2759.jpg,1.0
2760.jpg,7.0
2761.jpg,4.0
2762.jpg,3.0
2763.jpg,3.0
2764.jpg,5.0
2765.jpg,3.0
2766.jpg,3.0
2767.jpg,2.0
2768.jpg,2.0
2769.jpg,3.0
2770.jpg,3.0
2771.jpg,3.0
2772.jpg,2.0
2773.jpg,0.0
2774.jpg,3.0
2775.jpg,3.0
2776.jpg,3.0
2777.jpg,3.0
2778.jpg,4.0
2779.jpg,4.0
2780.jpg,1.0
2781.jpg,4.0
2782.jpg,6.0
2783.jpg,1.0
2785.jpg,0.0
2786.jpg,3.0
2787.jpg,1.0
2788.jpg,4.0
2789.jpg,7.0
2790.jpg,1.0
2791.jpg,1.0
2792.jpg,3.0
2793.jpg,4.0
2794.jpg,0.0
2795.jpg,1.0
2796.jpg,3.0
2797.jpg,2.0
2798.jpg,1.0
2799.jpg,4.0
2800.jpg,3.0
2801.jpg,2.0
2802.jpg,1.0
2803.jpg,3.0
2804.jpg,1.0
2805.jpg,1.0
2806.jpg,5.0
2807.jpg,1.0
2808.jpg,6.0
2809.jpg,4.0
2810.jpg,3.0
2811.jpg,7.0
2812.jpg,1.0
2813.jpg,1.0
2814.jpg,2.0
2815.jpg,7.0
2816.jpg,3.0
2817.jpg,5.0
2818.jpg,2.0
2819.jpg,5.0
2820.jpg,6.0
2821.jpg,4.0
2822.jpg,5.0
2823.jpg,2.0
2824.jpg,3.0
2825.jpg,1.0
2826.jpg,1.0
2827.jpg,1.0
2828.jpg,1.0
2829.jpg,1.0
2830.jpg,1.0
2831.jpg,1.0
2832.jpg,6.0
2833.jpg,1.0
2834.jpg,1.0
2835.jpg,3.0
2836.jpg,1.0
2837.jpg,4.0
2838.jpg,0.0
2839.jpg,5.0
2840.jpg,4.0
2841.jpg,1.0
2842.jpg,3.0
2843.jpg,3.0
2844.jpg,1.0
2845.jpg,3.0
2846.jpg,3.0
2847.jpg,1.0
2848.jpg,5.0
2849.jpg,1.0
2850.jpg,1.0
2851.jpg,0.0
2852.jpg,1.0
2854.jpg,4.0
2855.jpg,3.0
2856.jpg,4.0
2857.jpg,5.0
2858.jpg,1.0
2859.jpg,5.0
2860.jpg,3.0
2861.jpg,4.0
2862.jpg,0.0
2863.jpg,6.0
2864.jpg,1.0
2865.jpg,5.0
2866.jpg,3.0
2867.jpg,1.0
2868.jpg,1.0
2869.jpg,1.0
2870.jpg,1.0
2871.jpg,1.0
2872.jpg,1.0
2873.jpg,1.0
2874.jpg,3.0
2875.jpg,1.0
2876.jpg,1.0
2877.jpg,6.0
2878.jpg,0.0
2879.jpg,0.0
2880.jpg,5.0
2881.jpg,3.0
2882.jpg,1.0
2883.jpg,4.0
2884.jpg,4.0
2885.jpg,1.0
2886.jpg,3.0
2887.jpg,1.0
2888.jpg,4.0
2889.jpg,1.0
2890.jpg,2.0
2891.jpg,4.0
2892.jpg,4.0
2893.jpg,1.0
2894.jpg,4.0
2895.jpg,4.0
2896.jpg,4.0
2897.jpg,5.0
2898.jpg,1.0
2899.jpg,6.0
2900.jpg,1.0
2901.jpg,4.0
2902.jpg,1.0
2903.jpg,3.0
2904.jpg,1.0
2905.jpg,3.0
2906.jpg,4.0
2907.jpg,4.0
2908.jpg,7.0
2909.jpg,5.0
2910.jpg,1.0
2911.jpg,1.0
2912.jpg,1.0
2913.jpg,1.0
2914.jpg,7.0
2915.jpg,4.0
2916.jpg,6.0
2917.jpg,3.0
2918.jpg,1.0
2919.jpg,3.0
2920.jpg,1.0
2921.jpg,6.0
2922.jpg,1.0
2923.jpg,4.0
2924.jpg,5.0
2925.jpg,1.0
2926.jpg,4.0
2927.jpg,6.0
2928.jpg,6.0
2929.jpg,4.0
2930.jpg,1.0
2931.jpg,0.0
2932.jpg,2.0
2933.jpg,4.0
2934.jpg,3.0
2935.jpg,4.0
2936.jpg,1.0
2937.jpg,3.0
2938.jpg,2.0
2939.jpg,3.0
2940.jpg,3.0
2941.jpg,1.0
2942.jpg,4.0
2943.jpg,4.0
2944.jpg,4.0
2945.jpg,3.0
2946.jpg,0.0
2947.jpg,3.0
2948.jpg,1.0
2949.jpg,6.0
2950.jpg,4.0
2952.jpg,1.0
2953.jpg,1.0
2954.jpg,1.0
2955.jpg,2.0
2956.jpg,1.0
2957.jpg,1.0
2958.jpg,3.0
2959.jpg,1.0
2960.jpg,4.0
2961.jpg,3.0
2962.jpg,3.0
2963.jpg,6.0
2964.jpg,1.0
2965.jpg,0.0
2966.jpg,4.0
2967.jpg,3.0
2968.jpg,1.0
2969.jpg,4.0
2970.jpg,6.0
2971.jpg,2.0
2972.jpg,2.0
2973.jpg,2.0
2974.jpg,3.0
2975.jpg,6.0
2976.jpg,1.0
2977.jpg,1.0
2978.jpg,1.0
2979.jpg,1.0
2980.jpg,3.0
2981.jpg,3.0
2982.jpg,4.0
2983.jpg,5.0
2984.jpg,6.0
2985.jpg,3.0
2986.jpg,1.0
2987.jpg,1.0
2988.jpg,2.0
2989.jpg,1.0
2990.jpg,6.0
2991.jpg,4.0
2992.jpg,0.0
2993.jpg,1.0
2994.jpg,1.0
2995.jpg,3.0
2996.jpg,6.0
2997.jpg,5.0
2998.jpg,3.0
2999.jpg,1.0
3000.jpg,1.0
3001.jpg,7.0
3002.jpg,1.0
3003.jpg,0.0
3004.jpg,3.0
3005.jpg,0.0
3006.jpg,3.0
3007.jpg,1.0
3008.jpg,2.0
3009.jpg,4.0
3010.jpg,4.0
3011.jpg,4.0
3012.jpg,3.0
3013.jpg,1.0
3014.jpg,5.0
3015.jpg,4.0
3016.jpg,3.0
3017.jpg,1.0
3018.jpg,4.0
3019.jpg,3.0
3020.jpg,6.0
3021.jpg,1.0
3022.jpg,1.0
3023.jpg,2.0
3024.jpg,1.0
3025.jpg,1.0
3026.jpg,5.0
3027.jpg,3.0
3028.jpg,3.0
3029.jpg,5.0
3030.jpg,0.0
3031.jpg,2.0
3032.jpg,4.0
3033.jpg,6.0
3034.jpg,2.0
3035.jpg,3.0
3036.jpg,1.0
3037.jpg,3.0
3038.jpg,6.0
3039.jpg,2.0
3040.jpg,3.0
3041.jpg,3.0
3042.jpg,3.0
3043.jpg,1.0
3044.jpg,1.0
3045.jpg,1.0
3046.jpg,3.0
3047.jpg,1.0
3048.jpg,3.0
3049.jpg,2.0
3050.jpg,1.0
3051.jpg,5.0
3052.jpg,3.0
3053.jpg,4.0
3054.jpg,5.0
3055.jpg,2.0
3056.jpg,1.0
3057.jpg,3.0
3058.jpg,3.0
3059.jpg,1.0
3060.jpg,3.0
3061.jpg,4.0
3062.jpg,5.0
3063.jpg,1.0
3064.jpg,0.0
3065.jpg,4.0
3066.jpg,5.0
3067.jpg,1.0
3068.jpg,1.0
3069.jpg,4.0
3070.jpg,1.0
3071.jpg,4.0
3072.jpg,5.0
3073.jpg,1.0
3074.jpg,6.0
3075.jpg,0.0
3076.jpg,2.0
3077.jpg,7.0
3078.jpg,4.0
3080.jpg,5.0
3081.jpg,1.0
3082.jpg,3.0
3083.jpg,2.0
3084.jpg,1.0
3085.jpg,5.0
3086.jpg,2.0
3087.jpg,4.0
3088.jpg,5.0
3089.jpg,1.0
3090.jpg,5.0
3091.jpg,5.0
3092.jpg,1.0
3093.jpg,5.0
3094.jpg,0.0
3095.jpg,4.0
3096.jpg,1.0
3097.jpg,4.0
3098.jpg,2.0
3099.jpg,0.0
3100.jpg,1.0
3101.jpg,1.0
3102.jpg,7.0
3103.jpg,4.0
3104.jpg,1.0
3105.jpg,6.0
3106.jpg,1.0
3107.jpg,1.0
3108.jpg,5.0
3109.jpg,4.0
3110.jpg,3.0
3111.jpg,3.0
3112.jpg,6.0
3113.jpg,4.0
3114.jpg,1.0
3115.jpg,3.0
3116.jpg,7.0
3117.jpg,7.0
3118.jpg,2.0
3119.jpg,5.0
3120.jpg,1.0
3121.jpg,3.0
3122.jpg,0.0
3124.jpg,3.0
3125.jpg,4.0
3126.jpg,1.0
3127.jpg,2.0
3128.jpg,3.0
3129.jpg,4.0
3130.jpg,3.0
3131.jpg,5.0
3132.jpg,5.0
3133.jpg,4.0
3134.jpg,1.0
3135.jpg,3.0
3136.jpg,4.0
3137.jpg,4.0
3138.jpg,3.0
3139.jpg,7.0
3140.jpg,2.0
3141.jpg,1.0
3142.jpg,4.0
3143.jpg,1.0
3144.jpg,5.0
3145.jpg,6.0
3146.jpg,4.0
3147.jpg,2.0
3148.jpg,1.0
3149.jpg,4.0
3150.jpg,4.0
3151.jpg,1.0
3152.jpg,4.0
3153.jpg,6.0
3154.jpg,0.0
3155.jpg,3.0
3156.jpg,3.0
3157.jpg,4.0
3159.jpg,3.0
3160.jpg,7.0
3161.jpg,2.0
3162.jpg,5.0
3163.jpg,1.0
3164.jpg,1.0
3165.jpg,5.0
3166.jpg,4.0
3167.jpg,1.0
3168.jpg,5.0
3169.jpg,2.0
3170.jpg,3.0
3171.jpg,1.0
3172.jpg,5.0
3173.jpg,3.0
3174.jpg,1.0
3175.jpg,2.0
3176.jpg,5.0
3177.jpg,1.0
3178.jpg,3.0
3179.jpg,5.0
3180.jpg,5.0
3181.jpg,3.0
3182.jpg,6.0
3183.jpg,2.0
3184.jpg,5.0
3185.jpg,4.0
3186.jpg,1.0
3187.jpg,1.0
3188.jpg,3.0
3189.jpg,6.0
3190.jpg,1.0
3191.jpg,5.0
3192.jpg,6.0
3193.jpg,5.0
3194.jpg,4.0
3195.jpg,4.0
3196.jpg,1.0
3197.jpg,0.0
3198.jpg,1.0
3199.jpg,1.0
3200.jpg,1.0
3201.jpg,1.0
3202.jpg,1.0
3203.jpg,3.0
3204.jpg,1.0
3205.jpg,4.0
3206.jpg,2.0
3207.jpg,1.0
3208.jpg,4.0
3209.jpg,3.0
3210.jpg,5.0
3211.jpg,1.0
3212.jpg,4.0
3213.jpg,5.0
3214.jpg,4.0
3215.jpg,1.0
3216.jpg,3.0
3217.jpg,1.0
3218.jpg,5.0
3219.jpg,5.0
3220.jpg,7.0
3221.jpg,2.0
3222.jpg,3.0
3223.jpg,1.0
3224.jpg,4.0
3225.jpg,3.0
3226.jpg,5.0
3227.jpg,2.0
3228.jpg,3.0
3229.jpg,1.0
3230.jpg,1.0
3231.jpg,1.0
3232.jpg,4.0
3233.jpg,1.0
3234.jpg,1.0
3235.jpg,4.0
3236.jpg,1.0
3237.jpg,5.0
3238.jpg,7.0
3239.jpg,2.0
3240.jpg,3.0
3241.jpg,1.0
3242.jpg,1.0
3243.jpg,4.0
3244.jpg,3.0
3245.jpg,1.0
3246.jpg,3.0
3247.jpg,1.0
3248.jpg,4.0
3249.jpg,4.0
3250.jpg,1.0
3251.jpg,4.0
3252.jpg,4.0
3253.jpg,0.0
3254.jpg,1.0
3255.jpg,6.0
3256.jpg,1.0
3257.jpg,1.0
3258.jpg,1.0
3259.jpg,4.0
3260.jpg,2.0
3261.jpg,1.0
3262.jpg,1.0
3263.jpg,1.0
3264.jpg,3.0
3266.jpg,1.0
3267.jpg,1.0
3268.jpg,4.0
3269.jpg,7.0
3270.jpg,5.0
3271.jpg,1.0
3272.jpg,6.0
3274.jpg,5.0
3275.jpg,2.0
3276.jpg,5.0
3277.jpg,1.0
3278.jpg,6.0
3279.jpg,1.0
3280.jpg,3.0
3281.jpg,4.0
3282.jpg,1.0
3283.jpg,1.0
3284.jpg,5.0
3285.jpg,1.0
3286.jpg,1.0
3287.jpg,7.0
3288.jpg,3.0
3289.jpg,5.0
3290.jpg,1.0
3291.jpg,1.0
3292.jpg,4.0
3293.jpg,1.0
3294.jpg,1.0
3295.jpg,2.0
3296.jpg,3.0
3297.jpg,5.0
3298.jpg,5.0
3299.jpg,5.0
3300.jpg,1.0
3301.jpg,1.0
3302.jpg,1.0
3303.jpg,4.0
3304.jpg,1.0
3305.jpg,2.0
3306.jpg,0.0
3307.jpg,5.0
3308.jpg,4.0
3309.jpg,4.0
3310.jpg,4.0
3311.jpg,1.0
3312.jpg,6.0
3313.jpg,5.0
3314.jpg,1.0
3315.jpg,1.0
3316.jpg,3.0
3317.jpg,5.0
3318.jpg,3.0
3319.jpg,2.0
3320.jpg,2.0
3321.jpg,4.0
3322.jpg,2.0
3323.jpg,4.0
3324.jpg,3.0
3325.jpg,4.0
3326.jpg,3.0
3327.jpg,3.0
3328.jpg,3.0
3329.jpg,3.0
3330.jpg,4.0
3331.jpg,1.0
3332.jpg,0.0
3333.jpg,6.0
3334.jpg,1.0
3335.jpg,0.0
3336.jpg,3.0
3337.jpg,3.0
3338.jpg,1.0
3339.jpg,3.0
3340.jpg,1.0
3341.jpg,1.0
3342.jpg,3.0
3343.jpg,1.0
3344.jpg,4.0
3345.jpg,3.0
3346.jpg,3.0
3347.jpg,1.0
3348.jpg,4.0
3349.jpg,4.0
3350.jpg,6.0
3351.jpg,5.0
3352.jpg,2.0
3353.jpg,1.0
3354.jpg,1.0
3355.jpg,6.0
3356.jpg,4.0
3357.jpg,0.0
3358.jpg,1.0
3359.jpg,3.0
3360.jpg,0.0
3361.jpg,3.0
3362.jpg,5.0
3363.jpg,2.0
3364.jpg,7.0
3365.jpg,6.0
3366.jpg,3.0
3367.jpg,1.0
3369.jpg,1.0
3370.jpg,1.0
3371.jpg,1.0
3372.jpg,4.0
3373.jpg,4.0
3374.jpg,1.0
3375.jpg,4.0
3376.jpg,1.0
3377.jpg,6.0
3378.jpg,3.0
3379.jpg,3.0
3380.jpg,0.0
3381.jpg,5.0
3382.jpg,5.0
3383.jpg,4.0
3384.jpg,4.0
3385.jpg,1.0
3386.jpg,2.0
3387.jpg,3.0
3388.jpg,7.0
3389.jpg,1.0
3390.jpg,1.0
3391.jpg,1.0
3392.jpg,1.0
3393.jpg,2.0
3394.jpg,3.0
3395.jpg,1.0
3396.jpg,5.0
3397.jpg,4.0
3398.jpg,0.0
3399.jpg,5.0
3400.jpg,4.0
3401.jpg,3.0
3402.jpg,1.0
3403.jpg,6.0
3404.jpg,3.0
3405.jpg,4.0
3406.jpg,2.0
3407.jpg,3.0
3408.jpg,4.0
3409.jpg,2.0
3410.jpg,7.0
3411.jpg,4.0
3412.jpg,4.0
3413.jpg,4.0
3414.jpg,1.0
3415.jpg,2.0
3416.jpg,5.0
3417.jpg,0.0
3418.jpg,1.0
3419.jpg,6.0
3420.jpg,5.0
3421.jpg,3.0
3422.jpg,0.0
3423.jpg,4.0
3424.jpg,3.0
3425.jpg,1.0
3426.jpg,5.0
3427.jpg,1.0
3428.jpg,6.0
3429.jpg,1.0
3430.jpg,3.0
3431.jpg,1.0
3432.jpg,1.0
3433.jpg,4.0
3434.jpg,3.0
3435.jpg,1.0
3436.jpg,1.0
3437.jpg,1.0
3438.jpg,1.0
3439.jpg,1.0
3440.jpg,1.0
3441.jpg,3.0
3442.jpg,3.0
3443.jpg,3.0
3444.jpg,4.0
3445.jpg,1.0
3446.jpg,1.0
3447.jpg,3.0
3448.jpg,1.0
3449.jpg,5.0
3450.jpg,3.0
3451.jpg,1.0
3452.jpg,3.0
3453.jpg,1.0
3454.jpg,6.0
3455.jpg,3.0
3457.jpg,4.0
3458.jpg,3.0
3459.jpg,1.0
3460.jpg,1.0
3461.jpg,5.0
3462.jpg,2.0
3463.jpg,1.0
3464.jpg,1.0
3465.jpg,4.0
3466.jpg,3.0
3467.jpg,4.0
3468.jpg,3.0
3469.jpg,5.0
3470.jpg,2.0
3471.jpg,1.0
3472.jpg,0.0
3473.jpg,1.0
3474.jpg,1.0
3475.jpg,3.0
3476.jpg,5.0
3477.jpg,3.0
3478.jpg,1.0
3479.jpg,6.0
3480.jpg,1.0
3481.jpg,3.0
3482.jpg,6.0
3483.jpg,4.0
3484.jpg,1.0
3485.jpg,1.0
3486.jpg,1.0
3487.jpg,3.0
3489.jpg,6.0
3490.jpg,1.0
3491.jpg,1.0
3492.jpg,3.0
3493.jpg,5.0
3494.jpg,1.0
3495.jpg,3.0
3496.jpg,7.0
3497.jpg,7.0
3498.jpg,7.0
3499.jpg,5.0
3501.jpg,5.0
3502.jpg,7.0
3503.jpg,5.0
3504.jpg,1.0
3505.jpg,1.0
3506.jpg,3.0
3507.jpg,4.0
3508.jpg,3.0
3509.jpg,2.0
3510.jpg,3.0
3511.jpg,5.0
3512.jpg,0.0
3513.jpg,3.0
3514.jpg,0.0
3515.jpg,3.0
3516.jpg,3.0
3517.jpg,2.0
3518.jpg,3.0
3519.jpg,1.0
3520.jpg,1.0
3521.jpg,1.0
3522.jpg,1.0
3523.jpg,1.0
3524.jpg,1.0
3525.jpg,4.0
3526.jpg,1.0
3527.jpg,3.0
3528.jpg,1.0
3529.jpg,5.0
3530.jpg,3.0
3531.jpg,0.0
3532.jpg,4.0
3533.jpg,5.0
3534.jpg,1.0
3535.jpg,1.0
3536.jpg,3.0
3537.jpg,1.0
3538.jpg,3.0
3539.jpg,1.0
3540.jpg,4.0
3541.jpg,1.0
3542.jpg,4.0
3543.jpg,4.0
3544.jpg,1.0
3545.jpg,1.0
3546.jpg,5.0
3547.jpg,3.0
3548.jpg,1.0
3549.jpg,3.0
3550.jpg,4.0
3551.jpg,2.0
3552.jpg,4.0
3553.jpg,7.0
3554.jpg,4.0
3555.jpg,3.0
3556.jpg,6.0
3557.jpg,7.0
3558.jpg,4.0
3559.jpg,1.0
3560.jpg,4.0
3561.jpg,1.0
3562.jpg,1.0
3563.jpg,4.0
3564.jpg,3.0
3565.jpg,1.0
3566.jpg,4.0
3567.jpg,1.0
3568.jpg,1.0
3569.jpg,1.0
3570.jpg,1.0
3571.jpg,6.0
3572.jpg,5.0
3573.jpg,1.0
3574.jpg,0.0
3575.jpg,6.0
3576.jpg,7.0
3577.jpg,4.0
3578.jpg,1.0
3579.jpg,3.0
3580.jpg,4.0
3581.jpg,4.0
3582.jpg,3.0
3583.jpg,3.0
3584.jpg,1.0
3585.jpg,1.0
3586.jpg,1.0
3587.jpg,0.0
3588.jpg,5.0
3589.jpg,7.0
3590.jpg,4.0
3591.jpg,1.0
3592.jpg,3.0
3593.jpg,5.0
3594.jpg,1.0
3595.jpg,5.0
3596.jpg,7.0
3597.jpg,1.0
3598.jpg,6.0
3599.jpg,1.0
3600.jpg,0.0
3601.jpg,4.0
3602.jpg,3.0
3604.jpg,7.0
3605.jpg,6.0
3606.jpg,3.0
3607.jpg,0.0
3608.jpg,2.0
3609.jpg,4.0
3610.jpg,2.0
3611.jpg,2.0
3612.jpg,1.0
3613.jpg,4.0
3614.jpg,7.0
3615.jpg,4.0
3616.jpg,3.0
3617.jpg,4.0
3618.jpg,1.0
3619.jpg,1.0
3620.jpg,3.0
3621.jpg,0.0
3622.jpg,5.0
3623.jpg,4.0
3624.jpg,0.0
3625.jpg,3.0
3626.jpg,1.0
3627.jpg,3.0
3628.jpg,4.0
3629.jpg,5.0
3630.jpg,6.0
3631.jpg,4.0
3632.jpg,1.0
3633.jpg,4.0
3634.jpg,3.0
3635.jpg,3.0
3636.jpg,3.0
3637.jpg,1.0
3638.jpg,5.0
3639.jpg,4.0
3640.jpg,0.0
3641.jpg,4.0
3642.jpg,1.0
3643.jpg,1.0
3644.jpg,4.0
3645.jpg,4.0
3646.jpg,6.0
3647.jpg,3.0
3648.jpg,3.0
3649.jpg,6.0
3650.jpg,5.0
3651.jpg,3.0
3652.jpg,7.0
3653.jpg,1.0
3654.jpg,1.0
3655.jpg,3.0
3656.jpg,1.0
3657.jpg,4.0
3658.jpg,1.0
3659.jpg,2.0
3660.jpg,5.0
3661.jpg,4.0
3662.jpg,3.0
3663.jpg,1.0
3664.jpg,1.0
3665.jpg,6.0
3666.jpg,4.0
3667.jpg,2.0
3668.jpg,6.0
3669.jpg,1.0
3670.jpg,5.0
3671.jpg,1.0
3672.jpg,3.0
3673.jpg,7.0
3674.jpg,1.0
3675.jpg,1.0
3676.jpg,3.0
3677.jpg,5.0
3678.jpg,5.0
3679.jpg,3.0
3680.jpg,5.0
3681.jpg,0.0
3682.jpg,2.0
3683.jpg,4.0
3684.jpg,7.0
3685.jpg,1.0
3686.jpg,4.0
3687.jpg,3.0
3688.jpg,1.0
3689.jpg,4.0
3690.jpg,2.0
3691.jpg,4.0
3692.jpg,1.0
3693.jpg,1.0
3694.jpg,3.0
3695.jpg,4.0
3696.jpg,3.0
3697.jpg,3.0
3698.jpg,4.0
3699.jpg,0.0
3700.jpg,1.0
3701.jpg,7.0
3702.jpg,4.0
3703.jpg,4.0
3704.jpg,2.0
3705.jpg,4.0
3706.jpg,5.0
3707.jpg,3.0
3708.jpg,2.0
3709.jpg,3.0
3710.jpg,3.0
3711.jpg,4.0
3712.jpg,4.0
3713.jpg,1.0
3714.jpg,1.0
3715.jpg,0.0
3716.jpg,5.0
3717.jpg,2.0
3718.jpg,1.0
3719.jpg,1.0
3720.jpg,0.0
3721.jpg,3.0
3722.jpg,1.0
3723.jpg,4.0
3724.jpg,0.0
3725.jpg,3.0
3726.jpg,1.0
3727.jpg,4.0
3728.jpg,5.0
3729.jpg,1.0
3730.jpg,1.0
3731.jpg,1.0
3732.jpg,3.0
3733.jpg,1.0
3734.jpg,1.0
3735.jpg,6.0
3736.jpg,4.0
3737.jpg,1.0
3738.jpg,5.0
3739.jpg,1.0
3740.jpg,2.0
3741.jpg,3.0
3742.jpg,1.0
3743.jpg,3.0
3744.jpg,6.0
3745.jpg,6.0
3746.jpg,1.0
3747.jpg,1.0
3748.jpg,6.0
3749.jpg,1.0
3750.jpg,1.0
3751.jpg,5.0
3752.jpg,3.0
3753.jpg,6.0
3754.jpg,1.0
3755.jpg,4.0
3756.jpg,6.0
3757.jpg,7.0
3758.jpg,1.0
3759.jpg,3.0
3760.jpg,0.0
3762.jpg,4.0
3763.jpg,3.0
3764.jpg,6.0
3766.jpg,1.0
3767.jpg,6.0
3768.jpg,0.0
3769.jpg,1.0
3770.jpg,1.0
3771.jpg,4.0
3772.jpg,3.0
3773.jpg,6.0
3774.jpg,1.0
3775.jpg,7.0
3776.jpg,5.0
3777.jpg,5.0
3778.jpg,1.0
3779.jpg,3.0
3780.jpg,4.0
3781.jpg,3.0
3782.jpg,1.0
3783.jpg,4.0
3784.jpg,1.0
3785.jpg,3.0
3786.jpg,3.0
3787.jpg,5.0
3788.jpg,4.0
3789.jpg,3.0
3790.jpg,4.0
3791.jpg,3.0
3792.jpg,3.0
3793.jpg,4.0
3794.jpg,3.0
3795.jpg,7.0
3796.jpg,2.0
3797.jpg,1.0
3798.jpg,1.0
3799.jpg,6.0
3800.jpg,4.0
3801.jpg,5.0
3802.jpg,1.0
3803.jpg,6.0
3804.jpg,1.0
3805.jpg,1.0
3806.jpg,4.0
3807.jpg,5.0
3808.jpg,4.0
3809.jpg,1.0
3810.jpg,3.0
3811.jpg,5.0
3812.jpg,5.0
3813.jpg,1.0
3814.jpg,7.0
3815.jpg,1.0
3816.jpg,1.0
3817.jpg,0.0
3818.jpg,1.0
3819.jpg,5.0
3820.jpg,6.0
3821.jpg,0.0
3822.jpg,1.0
3823.jpg,6.0
3824.jpg,5.0
3825.jpg,2.0
3826.jpg,1.0
3827.jpg,3.0
3828.jpg,4.0
3829.jpg,4.0
3830.jpg,5.0
3831.jpg,3.0
3832.jpg,3.0
3833.jpg,5.0
3834.jpg,1.0
3835.jpg,3.0
3836.jpg,4.0
3837.jpg,2.0
3838.jpg,6.0
3839.jpg,1.0
3840.jpg,5.0
3841.jpg,1.0
3842.jpg,1.0
3843.jpg,1.0
3844.jpg,4.0
3845.jpg,1.0
3846.jpg,0.0
3847.jpg,1.0
3848.jpg,5.0
3849.jpg,1.0
3850.jpg,4.0
3851.jpg,3.0
3852.jpg,1.0
3853.jpg,4.0
3854.jpg,3.0
3855.jpg,2.0
3856.jpg,1.0
3857.jpg,1.0
3858.jpg,3.0
3859.jpg,0.0
3860.jpg,2.0
3861.jpg,1.0
3862.jpg,0.0
3863.jpg,3.0
3864.jpg,7.0
3865.jpg,1.0
3866.jpg,6.0
3867.jpg,1.0
3869.jpg,5.0
3870.jpg,4.0
3871.jpg,1.0
3872.jpg,2.0
3873.jpg,1.0
3874.jpg,1.0
3875.jpg,0.0
3876.jpg,6.0
3877.jpg,3.0
3878.jpg,1.0
3879.jpg,2.0
3880.jpg,1.0
3881.jpg,6.0
3882.jpg,2.0
3883.jpg,4.0
3884.jpg,2.0
3885.jpg,3.0
3886.jpg,6.0
3887.jpg,4.0
3888.jpg,1.0
3889.jpg,1.0
3890.jpg,1.0
3891.jpg,5.0
3892.jpg,1.0
3893.jpg,3.0
3894.jpg,1.0
3895.jpg,1.0
3896.jpg,1.0
3897.jpg,1.0
3898.jpg,3.0
3899.jpg,6.0
3900.jpg,1.0
3901.jpg,4.0
3902.jpg,2.0
3903.jpg,7.0
3904.jpg,6.0
3905.jpg,1.0
3906.jpg,1.0
3907.jpg,3.0
3908.jpg,4.0
3909.jpg,3.0
3910.jpg,2.0
3911.jpg,1.0
3912.jpg,4.0
3913.jpg,2.0
3914.jpg,0.0
3915.jpg,3.0
3916.jpg,3.0
3917.jpg,3.0
3918.jpg,4.0
3919.jpg,4.0
3920.jpg,1.0
3921.jpg,4.0
3922.jpg,0.0
3923.jpg,3.0
3924.jpg,1.0
3925.jpg,1.0
3926.jpg,2.0
3927.jpg,5.0
3928.jpg,4.0
3929.jpg,5.0
3930.jpg,4.0
3931.jpg,5.0
3932.jpg,5.0
3933.jpg,1.0
3934.jpg,7.0
3935.jpg,4.0
3936.jpg,6.0
3937.jpg,1.0
3938.jpg,2.0
3939.jpg,4.0
3940.jpg,1.0
3941.jpg,1.0
3942.jpg,1.0
3943.jpg,1.0
3944.jpg,1.0
3945.jpg,0.0
3946.jpg,5.0
3947.jpg,5.0
3948.jpg,1.0
3949.jpg,1.0
3950.jpg,6.0
3951.jpg,4.0
3952.jpg,4.0
3953.jpg,4.0
3954.jpg,1.0
3955.jpg,1.0
3956.jpg,5.0
3957.jpg,6.0
3958.jpg,5.0
3959.jpg,0.0
3960.jpg,1.0
3961.jpg,3.0
3962.jpg,0.0
3963.jpg,3.0
3964.jpg,5.0
3965.jpg,1.0
3966.jpg,0.0
3967.jpg,4.0
3968.jpg,1.0
3969.jpg,1.0
3970.jpg,0.0
3971.jpg,2.0
3972.jpg,4.0
3973.jpg,4.0
3974.jpg,4.0
3975.jpg,5.0
3976.jpg,4.0
3977.jpg,2.0
3978.jpg,5.0
3979.jpg,6.0
3980.jpg,4.0
3981.jpg,3.0
3982.jpg,1.0
3983.jpg,6.0
3984.jpg,1.0
3985.jpg,3.0
3986.jpg,3.0
3987.jpg,4.0
3988.jpg,2.0
3989.jpg,4.0
3990.jpg,3.0
3991.jpg,3.0
3992.jpg,5.0
3993.jpg,3.0
3994.jpg,1.0
3995.jpg,0.0
3996.jpg,2.0
3997.jpg,3.0
3998.jpg,5.0
3999.jpg,5.0
4000.jpg,1.0
4001.jpg,1.0
4002.jpg,1.0
4003.jpg,3.0
4004.jpg,4.0
4005.jpg,0.0
4006.jpg,4.0
4007.jpg,4.0
4008.jpg,3.0
4009.jpg,4.0
4010.jpg,1.0
4011.jpg,1.0
4012.jpg,4.0
4013.jpg,0.0
4014.jpg,4.0
4015.jpg,6.0
4016.jpg,1.0
4017.jpg,3.0
4018.jpg,4.0
4019.jpg,0.0
4020.jpg,7.0
4021.jpg,5.0
4022.jpg,6.0
4023.jpg,3.0
4024.jpg,4.0
4025.jpg,4.0
4026.jpg,1.0
4027.jpg,2.0
4028.jpg,3.0
4030.jpg,2.0
4031.jpg,4.0
4032.jpg,1.0
4033.jpg,1.0
4034.jpg,1.0
4035.jpg,1.0
4037.jpg,3.0
4038.jpg,1.0
4039.jpg,3.0
4040.jpg,5.0
4041.jpg,4.0
4042.jpg,4.0
4043.jpg,3.0
4044.jpg,1.0
4045.jpg,3.0
4046.jpg,6.0
4047.jpg,0.0
4048.jpg,3.0
4049.jpg,6.0
4050.jpg,1.0
4051.jpg,1.0
4052.jpg,5.0
4053.jpg,1.0
4054.jpg,3.0
4055.jpg,3.0
4056.jpg,4.0
4057.jpg,3.0
4058.jpg,3.0
4059.jpg,1.0
4060.jpg,4.0
4061.jpg,1.0
4062.jpg,0.0
4063.jpg,1.0
4064.jpg,1.0
4065.jpg,1.0
4066.jpg,1.0
4067.jpg,0.0
4068.jpg,1.0
4069.jpg,4.0
4070.jpg,4.0
4071.jpg,1.0
4072.jpg,3.0
4073.jpg,6.0
4074.jpg,1.0
4075.jpg,2.0
4076.jpg,3.0
4077.jpg,0.0
4078.jpg,1.0
4079.jpg,7.0
4080.jpg,3.0
4081.jpg,1.0
4082.jpg,3.0
4083.jpg,3.0
4084.jpg,4.0
4085.jpg,2.0
4086.jpg,0.0
4087.jpg,4.0
4088.jpg,3.0
4089.jpg,5.0
4090.jpg,4.0
4091.jpg,1.0
4092.jpg,1.0
4093.jpg,7.0
4094.jpg,1.0
4095.jpg,3.0
4096.jpg,0.0
4097.jpg,6.0
4098.jpg,4.0
4099.jpg,7.0
4100.jpg,4.0
4101.jpg,3.0
4102.jpg,6.0
4103.jpg,6.0
4104.jpg,3.0
4105.jpg,2.0
4106.jpg,3.0
4107.jpg,1.0
4108.jpg,1.0
4109.jpg,1.0
4110.jpg,6.0
4111.jpg,4.0
4112.jpg,3.0
4113.jpg,3.0
4114.jpg,5.0
4115.jpg,3.0
4116.jpg,2.0
4117.jpg,3.0
4118.jpg,1.0
4119.jpg,3.0
4120.jpg,1.0
4121.jpg,2.0
4122.jpg,2.0
4123.jpg,3.0
4124.jpg,1.0
4125.jpg,3.0
4126.jpg,1.0
4127.jpg,4.0
4128.jpg,6.0
4129.jpg,1.0
4130.jpg,6.0
4131.jpg,0.0
4132.jpg,0.0
4133.jpg,3.0
4134.jpg,0.0
4135.jpg,0.0
4136.jpg,7.0
4137.jpg,1.0
4138.jpg,7.0
4139.jpg,6.0
4140.jpg,1.0
4141.jpg,2.0
4142.jpg,1.0
4143.jpg,1.0
4144.jpg,4.0
4145.jpg,0.0
4146.jpg,4.0
4147.jpg,3.0
4148.jpg,0.0
4149.jpg,5.0
4150.jpg,1.0
4151.jpg,5.0
4152.jpg,4.0
4153.jpg,3.0
4154.jpg,4.0
4155.jpg,3.0
4156.jpg,1.0
4157.jpg,7.0
4158.jpg,4.0
4159.jpg,1.0
4160.jpg,5.0
4161.jpg,0.0
4162.jpg,1.0
4163.jpg,4.0
4164.jpg,0.0
4165.jpg,1.0
4166.jpg,1.0
4167.jpg,5.0
4168.jpg,3.0
4169.jpg,1.0
4170.jpg,0.0
4171.jpg,3.0
4172.jpg,4.0
4173.jpg,5.0
4174.jpg,4.0
4175.jpg,1.0
4176.jpg,0.0
4177.jpg,1.0
4178.jpg,4.0
4179.jpg,4.0
4180.jpg,3.0
4181.jpg,0.0
4182.jpg,4.0
4183.jpg,4.0
4184.jpg,4.0
4185.jpg,1.0
4186.jpg,3.0
4187.jpg,6.0
4188.jpg,7.0
4189.jpg,5.0
4190.jpg,1.0
4191.jpg,5.0
4192.jpg,5.0
4193.jpg,5.0
4194.jpg,6.0
4195.jpg,7.0
4196.jpg,1.0
4197.jpg,5.0
4198.jpg,3.0
4199.jpg,2.0
4200.jpg,5.0
4201.jpg,3.0
4202.jpg,3.0
4203.jpg,2.0
4204.jpg,1.0
4205.jpg,3.0
4206.jpg,3.0
4207.jpg,3.0
4208.jpg,3.0
4209.jpg,3.0
4210.jpg,1.0
4211.jpg,3.0
4212.jpg,0.0
4213.jpg,0.0
4214.jpg,5.0
4215.jpg,1.0
4216.jpg,3.0
4217.jpg,1.0
4218.jpg,4.0
4219.jpg,4.0
4220.jpg,1.0
4221.jpg,3.0
4222.jpg,3.0
4223.jpg,1.0
4224.jpg,7.0
4225.jpg,6.0
4226.jpg,5.0
4227.jpg,2.0
4228.jpg,5.0
4230.jpg,1.0
4231.jpg,1.0
4232.jpg,3.0
4233.jpg,3.0
4234.jpg,6.0
4235.jpg,3.0
4236.jpg,3.0
4237.jpg,4.0
4238.jpg,0.0
4239.jpg,4.0
4240.jpg,0.0
4241.jpg,1.0
4242.jpg,7.0
4243.jpg,1.0
4244.jpg,4.0
4245.jpg,1.0
4246.jpg,0.0
4247.jpg,0.0
4248.jpg,4.0
4249.jpg,1.0
4250.jpg,3.0
4251.jpg,1.0
4252.jpg,3.0
4253.jpg,1.0
4254.jpg,1.0
4255.jpg,4.0
4256.jpg,1.0
4257.jpg,1.0
4258.jpg,1.0
4259.jpg,1.0
4261.jpg,4.0
4262.jpg,7.0
4263.jpg,4.0
4264.jpg,1.0
4265.jpg,4.0
4266.jpg,5.0
4267.jpg,5.0
4268.jpg,1.0
4269.jpg,3.0
4270.jpg,3.0
4271.jpg,3.0
4272.jpg,5.0
4273.jpg,1.0
4274.jpg,2.0
4275.jpg,3.0
4276.jpg,5.0
4277.jpg,3.0
4278.jpg,3.0
4279.jpg,4.0
4280.jpg,6.0
4281.jpg,1.0
4282.jpg,1.0
4283.jpg,1.0
4284.jpg,4.0
4285.jpg,1.0
4286.jpg,1.0
4287.jpg,4.0
4288.jpg,1.0
4289.jpg,1.0
4290.jpg,4.0
4291.jpg,6.0
4292.jpg,0.0
4293.jpg,3.0
4294.jpg,4.0
4295.jpg,1.0
4296.jpg,1.0
4297.jpg,4.0
4298.jpg,3.0
4299.jpg,1.0
4300.jpg,4.0
4301.jpg,4.0
4302.jpg,3.0
4303.jpg,0.0
4304.jpg,4.0
4305.jpg,4.0
4306.jpg,1.0
4307.jpg,3.0
4308.jpg,1.0
4309.jpg,3.0
4310.jpg,0.0
4311.jpg,4.0
4312.jpg,2.0
4313.jpg,4.0
4314.jpg,1.0
4315.jpg,4.0
4316.jpg,0.0
4317.jpg,5.0
4318.jpg,1.0
4319.jpg,1.0
4320.jpg,2.0
4321.jpg,4.0
4322.jpg,4.0
4323.jpg,5.0
4324.jpg,7.0
4325.jpg,2.0
4326.jpg,6.0
4327.jpg,6.0
4328.jpg,0.0
4329.jpg,6.0
4330.jpg,4.0
4331.jpg,5.0
4332.jpg,3.0
4333.jpg,3.0
4334.jpg,0.0
4335.jpg,0.0
4336.jpg,2.0
4337.jpg,1.0
4338.jpg,4.0
4339.jpg,6.0
4340.jpg,4.0
4341.jpg,7.0
4342.jpg,1.0
4343.jpg,6.0
4344.jpg,3.0
4345.jpg,4.0
4346.jpg,7.0
4347.jpg,5.0
4348.jpg,3.0
4349.jpg,4.0
4350.jpg,4.0
4351.jpg,5.0
4352.jpg,4.0
4353.jpg,3.0
4354.jpg,1.0
4355.jpg,0.0
4356.jpg,1.0
4357.jpg,2.0
4358.jpg,1.0
4359.jpg,0.0
4360.jpg,6.0
4361.jpg,1.0
4362.jpg,1.0
4363.jpg,5.0
4364.jpg,1.0
4365.jpg,5.0
4366.jpg,1.0
4367.jpg,4.0
4368.jpg,3.0
4369.jpg,4.0
4370.jpg,1.0
4371.jpg,2.0
4372.jpg,3.0
4373.jpg,1.0
4374.jpg,3.0
4375.jpg,3.0
4376.jpg,5.0
4377.jpg,1.0
4378.jpg,1.0
4379.jpg,4.0
4380.jpg,2.0
4381.jpg,5.0
4382.jpg,0.0
4383.jpg,3.0
4384.jpg,1.0
4385.jpg,3.0
4386.jpg,4.0
4387.jpg,5.0
4388.jpg,3.0
4389.jpg,4.0
4390.jpg,6.0
4391.jpg,3.0
4392.jpg,6.0
4393.jpg,3.0
4394.jpg,1.0
4395.jpg,7.0
4396.jpg,1.0
4397.jpg,4.0
4398.jpg,4.0
4399.jpg,7.0
4400.jpg,1.0
4401.jpg,1.0
4402.jpg,3.0
4403.jpg,3.0
4404.jpg,1.0
4405.jpg,1.0
4406.jpg,4.0
4408.jpg,5.0
4409.jpg,1.0
4410.jpg,4.0
4411.jpg,2.0
4412.jpg,1.0
4413.jpg,1.0
4414.jpg,4.0
4415.jpg,5.0
4416.jpg,3.0
4417.jpg,2.0
4418.jpg,3.0
4419.jpg,3.0
4420.jpg,3.0
4421.jpg,3.0
4422.jpg,1.0
4423.jpg,3.0
4424.jpg,4.0
4425.jpg,0.0
4426.jpg,2.0
4427.jpg,4.0
4428.jpg,1.0
4429.jpg,7.0
4431.jpg,3.0
4432.jpg,4.0
4433.jpg,3.0
4434.jpg,3.0
4435.jpg,5.0
4436.jpg,6.0
4437.jpg,4.0
4438.jpg,1.0
4439.jpg,3.0
4440.jpg,5.0
4441.jpg,3.0
4442.jpg,1.0
4444.jpg,1.0
4445.jpg,4.0
4446.jpg,1.0
4447.jpg,7.0
4448.jpg,1.0
4449.jpg,0.0
4450.jpg,4.0
4451.jpg,3.0
4452.jpg,3.0
4453.jpg,1.0
4454.jpg,6.0
4455.jpg,4.0
4456.jpg,7.0
4457.jpg,2.0
4458.jpg,2.0
4459.jpg,0.0
4460.jpg,5.0
4461.jpg,3.0
4462.jpg,3.0
4463.jpg,1.0
4464.jpg,1.0
4465.jpg,1.0
4466.jpg,7.0
4467.jpg,4.0
4468.jpg,4.0
4469.jpg,1.0
4470.jpg,1.0
4471.jpg,1.0
4472.jpg,3.0
4473.jpg,7.0
4474.jpg,5.0
4475.jpg,1.0
4476.jpg,4.0
4477.jpg,3.0
4478.jpg,5.0
4479.jpg,1.0
4480.jpg,1.0
4481.jpg,5.0
4482.jpg,3.0
4483.jpg,2.0
4484.jpg,6.0
4485.jpg,7.0
4486.jpg,7.0
4487.jpg,3.0
4488.jpg,1.0
4489.jpg,3.0
4490.jpg,0.0
4491.jpg,3.0
4492.jpg,1.0
4493.jpg,7.0
4494.jpg,3.0
4495.jpg,4.0
4496.jpg,1.0
4497.jpg,1.0
4498.jpg,3.0
4499.jpg,1.0
4500.jpg,1.0
4501.jpg,1.0
4502.jpg,4.0
4503.jpg,1.0
4504.jpg,5.0
4505.jpg,1.0
4506.jpg,3.0
4507.jpg,7.0
4508.jpg,1.0
4509.jpg,5.0
4510.jpg,2.0
4511.jpg,3.0
4512.jpg,1.0
4513.jpg,1.0
4514.jpg,3.0
4515.jpg,1.0
4516.jpg,5.0
4517.jpg,1.0
4518.jpg,4.0
4519.jpg,1.0
4520.jpg,7.0
4521.jpg,0.0
4522.jpg,5.0
4523.jpg,1.0
4524.jpg,4.0
4525.jpg,4.0
4526.jpg,2.0
4527.jpg,5.0
4528.jpg,2.0
4529.jpg,4.0
4530.jpg,1.0
4531.jpg,4.0
4532.jpg,3.0
4533.jpg,1.0
4534.jpg,6.0
4535.jpg,3.0
4536.jpg,5.0
4537.jpg,3.0
4538.jpg,1.0
4539.jpg,3.0
4540.jpg,6.0
4541.jpg,5.0
4542.jpg,5.0
4543.jpg,1.0
4544.jpg,1.0
4545.jpg,1.0
4547.jpg,0.0
4548.jpg,1.0
4549.jpg,1.0
4550.jpg,1.0
4551.jpg,4.0
4552.jpg,1.0
4553.jpg,5.0
4554.jpg,4.0
4555.jpg,1.0
4556.jpg,0.0
4557.jpg,5.0
4558.jpg,3.0
4559.jpg,4.0
4560.jpg,3.0
4561.jpg,5.0
4562.jpg,3.0
4563.jpg,1.0
4564.jpg,5.0
4565.jpg,1.0
4566.jpg,5.0
4567.jpg,4.0
4568.jpg,1.0
4569.jpg,5.0
4570.jpg,3.0
4571.jpg,0.0
4572.jpg,1.0
4573.jpg,5.0
4574.jpg,1.0
4575.jpg,3.0
4576.jpg,3.0
4577.jpg,4.0
4578.jpg,4.0
4579.jpg,7.0
4580.jpg,5.0
4581.jpg,3.0
4582.jpg,2.0
4583.jpg,3.0
4584.jpg,1.0
4585.jpg,5.0
4586.jpg,3.0
4587.jpg,1.0
4588.jpg,2.0
4589.jpg,1.0
4590.jpg,1.0
4591.jpg,1.0
4592.jpg,4.0
4593.jpg,1.0
4594.jpg,1.0
4595.jpg,1.0
4596.jpg,1.0
4597.jpg,1.0
4598.jpg,3.0
4599.jpg,0.0
4600.jpg,1.0
4601.jpg,1.0
4603.jpg,3.0
4604.jpg,3.0
4605.jpg,4.0
4606.jpg,5.0
4607.jpg,5.0
4608.jpg,0.0
4609.jpg,5.0
4610.jpg,4.0
4611.jpg,3.0
4612.jpg,1.0
4613.jpg,0.0
4614.jpg,3.0
4615.jpg,3.0
4616.jpg,5.0
4617.jpg,6.0
4618.jpg,1.0
4619.jpg,1.0
4620.jpg,3.0
4621.jpg,1.0
4622.jpg,1.0
4623.jpg,0.0
4624.jpg,1.0
4625.jpg,5.0
4626.jpg,3.0
4627.jpg,4.0
4628.jpg,3.0
4629.jpg,2.0
4630.jpg,4.0
4631.jpg,1.0
4632.jpg,1.0
4633.jpg,1.0
4634.jpg,4.0
4635.jpg,1.0
4636.jpg,5.0
4637.jpg,1.0
4638.jpg,4.0
4639.jpg,1.0
4640.jpg,2.0
4641.jpg,3.0
4642.jpg,4.0
4643.jpg,0.0
4644.jpg,3.0
4645.jpg,1.0
4646.jpg,2.0
4647.jpg,5.0
4648.jpg,3.0
4649.jpg,4.0
4650.jpg,3.0
4651.jpg,3.0
4652.jpg,0.0
4653.jpg,2.0
4654.jpg,3.0
4655.jpg,3.0
4656.jpg,1.0
4657.jpg,1.0
4658.jpg,1.0
4659.jpg,3.0
4660.jpg,1.0
4661.jpg,1.0
4662.jpg,4.0
4663.jpg,6.0
4664.jpg,5.0
4665.jpg,3.0
4666.jpg,4.0
4667.jpg,1.0
4668.jpg,1.0
4669.jpg,3.0
4670.jpg,5.0
4671.jpg,6.0
4672.jpg,4.0
4673.jpg,3.0
4674.jpg,3.0
4675.jpg,3.0
4676.jpg,6.0
4677.jpg,1.0
4678.jpg,7.0
4679.jpg,1.0
4680.jpg,3.0
4681.jpg,3.0
4682.jpg,0.0
4683.jpg,1.0
4684.jpg,4.0
4685.jpg,1.0
4686.jpg,1.0
4687.jpg,0.0
4688.jpg,7.0
4689.jpg,5.0
4690.jpg,3.0
4691.jpg,1.0
4692.jpg,1.0
4693.jpg,3.0
4694.jpg,3.0
4695.jpg,1.0
4696.jpg,4.0
4697.jpg,0.0
4698.jpg,1.0
4699.jpg,3.0
4700.jpg,2.0
4701.jpg,5.0
4702.jpg,1.0
4703.jpg,7.0
4704.jpg,1.0
4705.jpg,1.0
4706.jpg,4.0
4707.jpg,3.0
4708.jpg,4.0
4709.jpg,3.0
4710.jpg,1.0
4711.jpg,3.0
4712.jpg,4.0
4713.jpg,5.0
4714.jpg,3.0
4715.jpg,1.0
4716.jpg,1.0
4717.jpg,4.0
4718.jpg,1.0
4719.jpg,1.0
4720.jpg,1.0
4721.jpg,0.0
4722.jpg,1.0
4723.jpg,4.0
4724.jpg,2.0
4725.jpg,3.0
4726.jpg,1.0
4727.jpg,5.0
4728.jpg,6.0
4729.jpg,4.0
4730.jpg,1.0
4731.jpg,5.0
4732.jpg,3.0
4733.jpg,7.0
4734.jpg,3.0
4735.jpg,1.0
4736.jpg,1.0
4737.jpg,1.0
4738.jpg,3.0
4739.jpg,7.0
4740.jpg,7.0
4741.jpg,6.0
4742.jpg,6.0
4743.jpg,3.0
4744.jpg,3.0
4745.jpg,0.0
4746.jpg,1.0
4747.jpg,1.0
4748.jpg,1.0
4749.jpg,3.0
4750.jpg,1.0
4751.jpg,4.0
4752.jpg,5.0
4753.jpg,1.0
4754.jpg,3.0
4755.jpg,3.0
4756.jpg,5.0
4757.jpg,4.0
4758.jpg,1.0
4759.jpg,3.0
4760.jpg,2.0
4761.jpg,3.0
4762.jpg,5.0
4763.jpg,5.0
4764.jpg,6.0
4765.jpg,6.0
4766.jpg,1.0
4767.jpg,5.0
4768.jpg,1.0
4769.jpg,7.0
4770.jpg,7.0
4771.jpg,5.0
4772.jpg,6.0
4773.jpg,3.0
4774.jpg,4.0
4775.jpg,4.0
4776.jpg,1.0
4777.jpg,1.0
4778.jpg,1.0
4779.jpg,1.0
4780.jpg,4.0
4781.jpg,3.0
4782.jpg,1.0
4783.jpg,2.0
4784.jpg,5.0
4785.jpg,1.0
4786.jpg,1.0
4787.jpg,3.0
4788.jpg,3.0
4789.jpg,2.0
4790.jpg,1.0
4792.jpg,3.0
4793.jpg,4.0
4794.jpg,1.0
4795.jpg,3.0
4796.jpg,1.0
4797.jpg,3.0
4798.jpg,1.0
4799.jpg,1.0
4800.jpg,1.0
4801.jpg,1.0
4802.jpg,1.0
4803.jpg,1.0
4804.jpg,2.0
4805.jpg,4.0
4806.jpg,3.0
4807.jpg,1.0
4808.jpg,6.0
4809.jpg,3.0
4810.jpg,1.0
4811.jpg,7.0
4812.jpg,5.0
4813.jpg,3.0
4814.jpg,1.0
4815.jpg,1.0
4816.jpg,5.0
4817.jpg,1.0
4818.jpg,5.0
4819.jpg,4.0
4820.jpg,1.0
4821.jpg,1.0
4822.jpg,1.0
4823.jpg,1.0
4824.jpg,4.0
4825.jpg,0.0
4826.jpg,2.0
4827.jpg,2.0
4828.jpg,1.0
4829.jpg,4.0
4830.jpg,1.0
4831.jpg,1.0
4832.jpg,4.0
4833.jpg,4.0
4834.jpg,1.0
4835.jpg,1.0
4836.jpg,3.0
4837.jpg,1.0
4838.jpg,1.0
4839.jpg,2.0
4840.jpg,0.0
4841.jpg,6.0
4842.jpg,3.0
4843.jpg,7.0
4844.jpg,4.0
4845.jpg,1.0
4846.jpg,1.0
4847.jpg,1.0
4848.jpg,2.0
4849.jpg,7.0
4850.jpg,1.0
4851.jpg,3.0
4852.jpg,3.0
4853.jpg,4.0
4854.jpg,2.0
4855.jpg,2.0
4856.jpg,4.0
4857.jpg,2.0
4858.jpg,7.0
4859.jpg,5.0
4860.jpg,0.0
4861.jpg,1.0
4862.jpg,0.0
4863.jpg,1.0
4864.jpg,5.0
4865.jpg,1.0
4866.jpg,2.0
4867.jpg,4.0
4868.jpg,6.0
4869.jpg,1.0
4870.jpg,1.0
4871.jpg,3.0
4872.jpg,1.0
4873.jpg,1.0
4874.jpg,4.0
4875.jpg,3.0
4876.jpg,1.0
4877.jpg,2.0
4878.jpg,7.0
4879.jpg,6.0
4880.jpg,5.0
4881.jpg,1.0
4882.jpg,0.0
4883.jpg,7.0
4884.jpg,1.0
4885.jpg,1.0
4886.jpg,3.0
4887.jpg,1.0
4888.jpg,5.0
4889.jpg,1.0
4890.jpg,3.0
4891.jpg,1.0
4892.jpg,1.0
4893.jpg,4.0
4894.jpg,1.0
4895.jpg,5.0
4896.jpg,3.0
4897.jpg,1.0
4898.jpg,5.0
4899.jpg,0.0
4900.jpg,7.0
4901.jpg,2.0
4902.jpg,3.0
4903.jpg,7.0
4904.jpg,3.0
4905.jpg,4.0
4906.jpg,4.0
4907.jpg,7.0
4908.jpg,2.0
4909.jpg,5.0
4910.jpg,1.0
4911.jpg,7.0
4912.jpg,5.0
4913.jpg,7.0
4914.jpg,4.0
4915.jpg,4.0
4916.jpg,1.0
4917.jpg,1.0
4918.jpg,0.0
4919.jpg,1.0
4920.jpg,1.0
4921.jpg,5.0
4922.jpg,1.0
4923.jpg,0.0
4924.jpg,1.0
4925.jpg,2.0
4926.jpg,4.0
4927.jpg,3.0
4928.jpg,1.0
4929.jpg,0.0
4930.jpg,5.0
4931.jpg,4.0
4932.jpg,3.0
4933.jpg,5.0
4934.jpg,5.0
4935.jpg,3.0
4936.jpg,5.0
4937.jpg,2.0
4938.jpg,1.0
4939.jpg,4.0
4940.jpg,2.0
4941.jpg,0.0
4942.jpg,3.0
4943.jpg,2.0
4944.jpg,0.0
4945.jpg,3.0
4946.jpg,0.0
4947.jpg,1.0
4948.jpg,1.0
4949.jpg,6.0
4950.jpg,1.0
4951.jpg,1.0
4952.jpg,1.0
4953.jpg,3.0
4955.jpg,3.0
4956.jpg,4.0
4957.jpg,0.0
4958.jpg,1.0
4959.jpg,0.0
4960.jpg,3.0
4961.jpg,1.0
4962.jpg,5.0
4963.jpg,5.0
4964.jpg,1.0
4965.jpg,1.0
4966.jpg,4.0
4967.jpg,3.0
4968.jpg,0.0
4969.jpg,3.0
4970.jpg,5.0
4971.jpg,2.0
4972.jpg,2.0
4973.jpg,1.0
4974.jpg,3.0
4975.jpg,1.0
4976.jpg,1.0
4977.jpg,1.0
4978.jpg,3.0
4979.jpg,2.0
4980.jpg,0.0
4981.jpg,4.0
4982.jpg,5.0
4983.jpg,1.0
4984.jpg,0.0
4985.jpg,1.0
4986.jpg,1.0
4987.jpg,4.0
4988.jpg,4.0
4989.jpg,1.0
4990.jpg,2.0
4991.jpg,3.0
4992.jpg,1.0
4993.jpg,3.0
4994.jpg,0.0
4995.jpg,1.0
4996.jpg,4.0
4997.jpg,0.0
4998.jpg,0.0
4999.jpg,4.0
5000.jpg,2.0
5001.jpg,5.0
5002.jpg,4.0
5003.jpg,5.0
5004.jpg,3.0
5005.jpg,4.0
5006.jpg,1.0
5007.jpg,4.0
5008.jpg,1.0
5009.jpg,3.0
5010.jpg,3.0
5011.jpg,4.0
5012.jpg,1.0
5013.jpg,1.0
5014.jpg,4.0
5015.jpg,3.0
5016.jpg,3.0
5017.jpg,1.0
5018.jpg,1.0
5019.jpg,2.0
5020.jpg,1.0
5021.jpg,1.0
5022.jpg,0.0
5023.jpg,1.0
5024.jpg,5.0
5025.jpg,6.0
5026.jpg,1.0
5028.jpg,1.0
5029.jpg,1.0
5030.jpg,3.0
5031.jpg,5.0
5032.jpg,1.0
5033.jpg,1.0
5034.jpg,1.0
5035.jpg,1.0
5036.jpg,1.0
5037.jpg,4.0
5038.jpg,1.0
5039.jpg,6.0
5040.jpg,1.0
5041.jpg,7.0
5042.jpg,1.0
5043.jpg,3.0
5044.jpg,0.0
5045.jpg,1.0
5046.jpg,3.0
5047.jpg,7.0
5048.jpg,4.0
5049.jpg,1.0
5050.jpg,1.0
5051.jpg,0.0
5052.jpg,1.0
5053.jpg,5.0
5054.jpg,1.0
5055.jpg,3.0
5056.jpg,5.0
5057.jpg,2.0
5058.jpg,4.0
5059.jpg,4.0
5060.jpg,1.0
5061.jpg,3.0
5062.jpg,1.0
5063.jpg,3.0
5064.jpg,0.0
5065.jpg,3.0
5066.jpg,5.0
5067.jpg,2.0
5068.jpg,1.0
5069.jpg,1.0
5070.jpg,1.0
5071.jpg,7.0
5072.jpg,5.0
5073.jpg,1.0
5074.jpg,3.0
5075.jpg,0.0
5076.jpg,6.0
5077.jpg,1.0
5078.jpg,1.0
5079.jpg,3.0
5080.jpg,1.0
5081.jpg,7.0
5082.jpg,4.0
5083.jpg,5.0
5084.jpg,1.0
5085.jpg,1.0
5086.jpg,5.0
5087.jpg,6.0
5088.jpg,1.0
5089.jpg,5.0
5090.jpg,4.0
5091.jpg,5.0
5092.jpg,4.0
5093.jpg,2.0
5094.jpg,2.0
5095.jpg,1.0
5096.jpg,4.0
5097.jpg,1.0
5098.jpg,1.0
5099.jpg,6.0
5100.jpg,3.0
5101.jpg,5.0
5102.jpg,5.0
5103.jpg,5.0
5104.jpg,5.0
5105.jpg,4.0
5106.jpg,1.0
5107.jpg,4.0
5108.jpg,4.0
5109.jpg,4.0
5110.jpg,2.0
5111.jpg,4.0
5112.jpg,3.0
5113.jpg,3.0
5114.jpg,5.0
5115.jpg,3.0
5116.jpg,6.0
5117.jpg,1.0
5118.jpg,5.0
5119.jpg,6.0
5120.jpg,1.0
5121.jpg,1.0
5122.jpg,1.0
5123.jpg,1.0
5124.jpg,1.0
5125.jpg,4.0
5126.jpg,1.0
5127.jpg,2.0
5128.jpg,2.0
5129.jpg,4.0
5130.jpg,1.0
5131.jpg,5.0
5132.jpg,6.0
5133.jpg,7.0
5134.jpg,1.0
5135.jpg,3.0
5136.jpg,6.0
5137.jpg,1.0
5138.jpg,5.0
5139.jpg,1.0
5140.jpg,1.0
5141.jpg,5.0
5142.jpg,3.0
5143.jpg,3.0
5144.jpg,3.0
5145.jpg,3.0
5146.jpg,4.0
5147.jpg,3.0
5148.jpg,3.0
5149.jpg,5.0
5151.jpg,0.0
5152.jpg,1.0
5153.jpg,4.0
5154.jpg,4.0
5155.jpg,1.0
5156.jpg,3.0
5157.jpg,1.0
5158.jpg,1.0
5159.jpg,1.0
5160.jpg,1.0
5161.jpg,4.0
5162.jpg,1.0
5163.jpg,3.0
5164.jpg,5.0
5165.jpg,3.0
5166.jpg,1.0
5167.jpg,3.0
5168.jpg,1.0
5169.jpg,1.0
5170.jpg,0.0
5171.jpg,3.0
5172.jpg,4.0
5173.jpg,1.0
5174.jpg,6.0
5175.jpg,4.0
5176.jpg,5.0
5177.jpg,4.0
5178.jpg,3.0
5179.jpg,5.0
5180.jpg,1.0
5181.jpg,4.0
5182.jpg,4.0
5183.jpg,3.0
5184.jpg,5.0
5185.jpg,6.0
5186.jpg,2.0
5187.jpg,4.0
5188.jpg,4.0
5189.jpg,1.0
5190.jpg,6.0
5191.jpg,3.0
5192.jpg,4.0
5193.jpg,5.0
5194.jpg,0.0
5195.jpg,1.0
5196.jpg,4.0
5197.jpg,0.0
5198.jpg,6.0
5199.jpg,4.0
5200.jpg,6.0
5201.jpg,1.0
5202.jpg,0.0
5203.jpg,2.0
5204.jpg,1.0
5205.jpg,6.0
5206.jpg,5.0
5207.jpg,5.0
5208.jpg,1.0
5209.jpg,6.0
5210.jpg,0.0
5211.jpg,6.0
5212.jpg,2.0
5213.jpg,4.0
5214.jpg,4.0
5215.jpg,2.0
5216.jpg,1.0
5217.jpg,7.0
5218.jpg,7.0
5219.jpg,1.0
5220.jpg,3.0
5221.jpg,5.0
5222.jpg,1.0
5223.jpg,3.0
5224.jpg,3.0
5225.jpg,0.0
5226.jpg,5.0
5227.jpg,2.0
5228.jpg,1.0
5229.jpg,1.0
5230.jpg,1.0
5231.jpg,1.0
5232.jpg,1.0
5234.jpg,6.0
5235.jpg,1.0
5236.jpg,1.0
5237.jpg,1.0
5238.jpg,3.0
5239.jpg,7.0
5240.jpg,1.0
5241.jpg,1.0
5242.jpg,5.0
5243.jpg,1.0
5244.jpg,4.0
5245.jpg,1.0
5246.jpg,1.0
5247.jpg,7.0
5248.jpg,1.0
5249.jpg,6.0
5250.jpg,0.0
5251.jpg,1.0
5252.jpg,3.0
5253.jpg,5.0
5254.jpg,5.0
5255.jpg,1.0
5256.jpg,3.0
5257.jpg,5.0
5258.jpg,5.0
5259.jpg,1.0
5260.jpg,6.0
5261.jpg,1.0
5262.jpg,3.0
5263.jpg,1.0
5264.jpg,6.0
5265.jpg,3.0
5266.jpg,5.0
5267.jpg,1.0
5268.jpg,4.0
5269.jpg,4.0
5270.jpg,1.0
5271.jpg,4.0
5272.jpg,4.0
5273.jpg,3.0
5274.jpg,1.0
5275.jpg,6.0
5276.jpg,5.0
5277.jpg,6.0
5278.jpg,1.0
5280.jpg,5.0
5281.jpg,1.0
5282.jpg,0.0
5283.jpg,0.0
5284.jpg,3.0
5285.jpg,1.0
5286.jpg,6.0
5287.jpg,4.0
5288.jpg,1.0
5289.jpg,4.0
5290.jpg,3.0
5291.jpg,1.0
5292.jpg,1.0
5293.jpg,0.0
5294.jpg,1.0
5295.jpg,1.0
5296.jpg,7.0
5297.jpg,3.0
5298.jpg,3.0
5299.jpg,4.0
5300.jpg,3.0
5301.jpg,4.0
5302.jpg,3.0
5303.jpg,6.0
5304.jpg,0.0
5305.jpg,1.0
5306.jpg,3.0
5307.jpg,1.0
5308.jpg,6.0
5309.jpg,1.0
5310.jpg,1.0
5311.jpg,1.0
5312.jpg,4.0
5313.jpg,1.0
5314.jpg,4.0
5315.jpg,5.0
5316.jpg,5.0
5317.jpg,0.0
5318.jpg,2.0
5319.jpg,3.0
5320.jpg,0.0
5321.jpg,3.0
5322.jpg,1.0
5323.jpg,3.0
5324.jpg,7.0
5325.jpg,5.0
5326.jpg,4.0
5327.jpg,3.0
5328.jpg,1.0
5329.jpg,3.0
5330.jpg,3.0
5331.jpg,2.0
5332.jpg,2.0
5333.jpg,0.0
5334.jpg,3.0
5335.jpg,1.0
5336.jpg,1.0
5337.jpg,3.0
5338.jpg,3.0
5339.jpg,1.0
5340.jpg,3.0
5341.jpg,6.0
5342.jpg,1.0
5343.jpg,1.0
5344.jpg,4.0
5345.jpg,1.0
5346.jpg,4.0
5347.jpg,6.0
5348.jpg,6.0
5349.jpg,1.0
5350.jpg,4.0
5351.jpg,1.0
5352.jpg,1.0
5353.jpg,6.0
5354.jpg,3.0
5355.jpg,4.0
5356.jpg,4.0
5357.jpg,6.0
5358.jpg,4.0
5359.jpg,1.0
5360.jpg,3.0
5361.jpg,3.0
5362.jpg,5.0
5363.jpg,1.0
5364.jpg,6.0
5365.jpg,4.0
5367.jpg,2.0
5368.jpg,0.0
5369.jpg,0.0
5370.jpg,3.0
5371.jpg,4.0
5372.jpg,4.0
5373.jpg,5.0
5374.jpg,1.0
5375.jpg,3.0
5376.jpg,3.0
5377.jpg,1.0
5378.jpg,4.0
5379.jpg,1.0
5380.jpg,3.0
5381.jpg,0.0
5382.jpg,4.0
5383.jpg,2.0
5384.jpg,1.0
5385.jpg,1.0
5387.jpg,6.0
5388.jpg,0.0
5389.jpg,1.0
5390.jpg,4.0
5391.jpg,1.0
5392.jpg,6.0
5393.jpg,3.0
5394.jpg,1.0
5395.jpg,0.0
5396.jpg,4.0
5397.jpg,1.0
5398.jpg,0.0
5399.jpg,1.0
5400.jpg,7.0
5401.jpg,1.0
5402.jpg,2.0
5403.jpg,3.0
5404.jpg,3.0
5405.jpg,3.0
5406.jpg,4.0
5407.jpg,5.0
5408.jpg,1.0
5409.jpg,1.0
5410.jpg,4.0
5411.jpg,1.0
5412.jpg,1.0
5413.jpg,3.0
5414.jpg,5.0
5415.jpg,5.0
5416.jpg,1.0
5417.jpg,2.0
5418.jpg,1.0
5419.jpg,1.0
5420.jpg,5.0
5421.jpg,3.0
5422.jpg,2.0
5423.jpg,0.0
5424.jpg,1.0
5425.jpg,4.0
5426.jpg,1.0
5427.jpg,3.0
5428.jpg,1.0
5429.jpg,1.0
5430.jpg,1.0
5431.jpg,3.0
5432.jpg,1.0
5433.jpg,1.0
5434.jpg,2.0
5435.jpg,1.0
5436.jpg,3.0
5437.jpg,4.0
5438.jpg,1.0
5439.jpg,5.0
5440.jpg,3.0
5441.jpg,3.0
5442.jpg,7.0
5443.jpg,1.0
5444.jpg,6.0
5445.jpg,4.0
5446.jpg,3.0
5447.jpg,3.0
5448.jpg,3.0
5449.jpg,3.0
5450.jpg,1.0
5451.jpg,1.0
5452.jpg,4.0
5453.jpg,7.0
5454.jpg,3.0
5455.jpg,3.0
5456.jpg,5.0
5457.jpg,3.0
5458.jpg,3.0
5459.jpg,1.0
5460.jpg,1.0
5461.jpg,4.0
5462.jpg,7.0
5463.jpg,0.0
5464.jpg,5.0
5465.jpg,1.0
5467.jpg,3.0
5468.jpg,3.0
5469.jpg,0.0
5470.jpg,1.0
5471.jpg,4.0
5472.jpg,3.0
5473.jpg,1.0
5474.jpg,0.0
5475.jpg,5.0
5476.jpg,6.0
5477.jpg,4.0
5478.jpg,3.0
5479.jpg,0.0
5480.jpg,5.0
5481.jpg,2.0
5482.jpg,1.0
5483.jpg,1.0
5484.jpg,1.0
5485.jpg,4.0
5486.jpg,1.0
5487.jpg,1.0
5489.jpg,3.0
5490.jpg,1.0
5491.jpg,0.0
5492.jpg,6.0
5493.jpg,4.0
5494.jpg,1.0
5495.jpg,1.0
5496.jpg,3.0
5497.jpg,1.0
5498.jpg,6.0
5499.jpg,1.0
5500.jpg,1.0
5501.jpg,3.0
5502.jpg,5.0
5503.jpg,3.0
5504.jpg,0.0
5505.jpg,1.0
5506.jpg,1.0
5507.jpg,3.0
5508.jpg,3.0
5509.jpg,3.0
5510.jpg,1.0
5511.jpg,1.0
5512.jpg,4.0
5513.jpg,1.0
5514.jpg,3.0
5515.jpg,7.0
5516.jpg,1.0
5517.jpg,4.0
5518.jpg,1.0
5519.jpg,1.0
5520.jpg,2.0
5521.jpg,6.0
5522.jpg,4.0
5523.jpg,3.0
5524.jpg,3.0
5525.jpg,3.0
5526.jpg,7.0
5527.jpg,1.0
5528.jpg,6.0
5529.jpg,0.0
5530.jpg,0.0
5531.jpg,4.0
5532.jpg,1.0
5533.jpg,6.0
5534.jpg,1.0
5535.jpg,3.0
5536.jpg,1.0
5537.jpg,1.0
5538.jpg,1.0
5539.jpg,7.0
5540.jpg,5.0
5541.jpg,6.0
5542.jpg,5.0
5543.jpg,1.0
5544.jpg,5.0
5545.jpg,6.0
5546.jpg,0.0
5547.jpg,7.0
5548.jpg,5.0
5549.jpg,6.0
5550.jpg,1.0
5551.jpg,1.0
5553.jpg,1.0
5554.jpg,0.0
5555.jpg,5.0
5556.jpg,4.0
5557.jpg,2.0
5558.jpg,1.0
5559.jpg,3.0
5560.jpg,4.0
5561.jpg,4.0
5562.jpg,4.0
5563.jpg,4.0
5564.jpg,1.0
5565.jpg,6.0
5566.jpg,3.0
5567.jpg,3.0
5568.jpg,5.0
5569.jpg,3.0
5570.jpg,1.0
5571.jpg,5.0
5572.jpg,4.0
5573.jpg,1.0
5574.jpg,5.0
5575.jpg,0.0
5576.jpg,6.0
5577.jpg,4.0
5578.jpg,1.0
5579.jpg,4.0
5580.jpg,5.0
5581.jpg,5.0
5582.jpg,2.0
5583.jpg,4.0
5584.jpg,3.0
5585.jpg,1.0
5586.jpg,4.0
5587.jpg,1.0
5588.jpg,1.0
5589.jpg,1.0
5590.jpg,3.0
5591.jpg,4.0
5592.jpg,4.0
5593.jpg,4.0
5594.jpg,5.0
5595.jpg,4.0
5596.jpg,1.0
5597.jpg,1.0
5598.jpg,2.0
5599.jpg,3.0
5600.jpg,6.0
5601.jpg,1.0
5602.jpg,4.0
5603.jpg,5.0
5604.jpg,5.0
5605.jpg,2.0
5606.jpg,1.0
5607.jpg,2.0
5608.jpg,4.0
5610.jpg,5.0
5611.jpg,7.0
5612.jpg,3.0
5613.jpg,4.0
5614.jpg,3.0
5615.jpg,5.0
5616.jpg,5.0
5617.jpg,7.0
5618.jpg,1.0
5619.jpg,2.0
5620.jpg,3.0
5621.jpg,1.0
5622.jpg,4.0
5623.jpg,4.0
5624.jpg,0.0
5625.jpg,1.0
5626.jpg,1.0
5627.jpg,3.0
5628.jpg,3.0
5629.jpg,1.0
5630.jpg,6.0
5631.jpg,0.0
5632.jpg,4.0
5633.jpg,7.0
5634.jpg,1.0
5635.jpg,5.0
5636.jpg,4.0
5637.jpg,1.0
5638.jpg,3.0
5640.jpg,6.0
5641.jpg,1.0
5642.jpg,1.0
5643.jpg,1.0
5644.jpg,1.0
5645.jpg,3.0
5646.jpg,6.0
5647.jpg,1.0
5648.jpg,3.0
5649.jpg,1.0
5650.jpg,1.0
5651.jpg,1.0
5652.jpg,3.0
5653.jpg,3.0
5654.jpg,4.0
5655.jpg,3.0
5656.jpg,3.0
5657.jpg,1.0
5658.jpg,2.0
5659.jpg,1.0
5660.jpg,4.0
5661.jpg,4.0
5662.jpg,1.0
5663.jpg,3.0
5664.jpg,5.0
5665.jpg,1.0
5666.jpg,5.0
5667.jpg,3.0
5668.jpg,3.0
5669.jpg,4.0
5670.jpg,1.0
5671.jpg,3.0
5672.jpg,1.0
5673.jpg,3.0
5674.jpg,0.0
5675.jpg,1.0
5676.jpg,0.0
5677.jpg,4.0
5678.jpg,5.0
5679.jpg,7.0
5680.jpg,1.0
5681.jpg,2.0
5683.jpg,3.0
5684.jpg,5.0
5685.jpg,7.0
5686.jpg,0.0
5687.jpg,1.0
5688.jpg,4.0
5689.jpg,3.0
5690.jpg,3.0
5691.jpg,0.0
5692.jpg,1.0
5693.jpg,4.0
5694.jpg,1.0
5695.jpg,4.0
5696.jpg,4.0
5697.jpg,1.0
5698.jpg,6.0
5699.jpg,1.0
5700.jpg,0.0
5701.jpg,1.0
5702.jpg,1.0
5703.jpg,4.0
5704.jpg,4.0
5705.jpg,5.0
5706.jpg,4.0
5707.jpg,3.0
5708.jpg,1.0
5709.jpg,1.0
5710.jpg,1.0
5711.jpg,1.0
5712.jpg,5.0
5713.jpg,0.0
5714.jpg,5.0
5715.jpg,7.0
5716.jpg,3.0
5717.jpg,3.0
5718.jpg,5.0
5719.jpg,3.0
5720.jpg,4.0
5721.jpg,1.0
5722.jpg,2.0
5723.jpg,2.0
5724.jpg,2.0
5725.jpg,3.0
5726.jpg,1.0
5727.jpg,1.0
5728.jpg,5.0
5729.jpg,3.0
5730.jpg,5.0
5731.jpg,4.0
5732.jpg,1.0
5733.jpg,3.0
5734.jpg,1.0
5735.jpg,5.0
5736.jpg,2.0
5737.jpg,4.0
5738.jpg,0.0
5739.jpg,0.0
5740.jpg,1.0
5741.jpg,1.0
5742.jpg,1.0
5743.jpg,1.0
5744.jpg,1.0
5745.jpg,3.0
5746.jpg,5.0
5747.jpg,3.0
5748.jpg,3.0
5749.jpg,2.0
5750.jpg,3.0
5751.jpg,5.0
5752.jpg,3.0
5753.jpg,1.0
5754.jpg,4.0
5755.jpg,4.0
5756.jpg,5.0
5757.jpg,3.0
5758.jpg,1.0
5759.jpg,6.0
5760.jpg,1.0
5761.jpg,1.0
5762.jpg,3.0
5763.jpg,1.0
5764.jpg,3.0
5765.jpg,7.0
5766.jpg,3.0
5767.jpg,4.0
5768.jpg,0.0
5769.jpg,3.0
5770.jpg,3.0
5771.jpg,1.0
5772.jpg,1.0
5773.jpg,1.0
5774.jpg,5.0
5775.jpg,2.0
5776.jpg,3.0
5777.jpg,0.0
5778.jpg,1.0
5779.jpg,0.0
5780.jpg,2.0
5781.jpg,1.0
5782.jpg,3.0
5783.jpg,2.0
5784.jpg,3.0
5785.jpg,1.0
5786.jpg,4.0
5787.jpg,4.0
5788.jpg,4.0
5789.jpg,7.0
5790.jpg,3.0
5791.jpg,1.0
5792.jpg,1.0
5793.jpg,4.0
5794.jpg,0.0
5795.jpg,1.0
5796.jpg,1.0
5797.jpg,7.0
5798.jpg,1.0
5799.jpg,2.0
5800.jpg,1.0
5801.jpg,1.0
5802.jpg,1.0
5803.jpg,1.0
5804.jpg,7.0
5805.jpg,3.0
5806.jpg,1.0
5807.jpg,2.0
5808.jpg,3.0
5809.jpg,3.0
5810.jpg,2.0
5811.jpg,5.0
5812.jpg,5.0
5813.jpg,4.0
5814.jpg,1.0
5815.jpg,4.0
5816.jpg,4.0
5817.jpg,4.0
5818.jpg,4.0
5819.jpg,2.0
5820.jpg,4.0
5821.jpg,1.0
5822.jpg,4.0
5823.jpg,1.0
5824.jpg,3.0
5825.jpg,4.0
5826.jpg,0.0
5827.jpg,1.0
5828.jpg,1.0
5829.jpg,6.0
5830.jpg,7.0
5831.jpg,3.0
5832.jpg,4.0
5833.jpg,3.0
5834.jpg,1.0
5835.jpg,3.0
5836.jpg,6.0
5837.jpg,0.0
5838.jpg,0.0
5839.jpg,1.0
5840.jpg,1.0
5841.jpg,5.0
5842.jpg,7.0
5843.jpg,1.0
5844.jpg,1.0
5845.jpg,1.0
5846.jpg,7.0
5847.jpg,6.0
5848.jpg,7.0
5849.jpg,4.0
5850.jpg,3.0
5851.jpg,1.0
5852.jpg,6.0
5853.jpg,3.0
5854.jpg,1.0
5855.jpg,1.0
5856.jpg,3.0
5857.jpg,1.0
5858.jpg,3.0
5859.jpg,0.0
5860.jpg,4.0
5861.jpg,1.0
5862.jpg,3.0
5863.jpg,1.0
5864.jpg,3.0
5865.jpg,1.0
5866.jpg,3.0
5867.jpg,2.0
5868.jpg,1.0
5869.jpg,5.0
5870.jpg,3.0
5871.jpg,3.0
5872.jpg,1.0
5873.jpg,1.0
5874.jpg,4.0
5875.jpg,1.0
5876.jpg,2.0
5877.jpg,3.0
5878.jpg,7.0
5879.jpg,1.0
5880.jpg,3.0
5881.jpg,1.0
5882.jpg,2.0
5883.jpg,0.0
5884.jpg,1.0
5885.jpg,1.0
5886.jpg,1.0
5887.jpg,1.0
5888.jpg,0.0
5889.jpg,1.0
5890.jpg,1.0
5891.jpg,3.0
5892.jpg,1.0
5893.jpg,7.0
5894.jpg,1.0
5895.jpg,4.0
5896.jpg,4.0
5897.jpg,4.0
5898.jpg,1.0
5899.jpg,7.0
5900.jpg,1.0
5901.jpg,1.0
5902.jpg,1.0
5903.jpg,6.0
5904.jpg,3.0
5905.jpg,3.0
5906.jpg,1.0
5907.jpg,3.0
5908.jpg,7.0
5910.jpg,1.0
5911.jpg,4.0
5912.jpg,3.0
5913.jpg,6.0
5914.jpg,6.0
5915.jpg,4.0
5916.jpg,1.0
5917.jpg,5.0
5918.jpg,7.0
5919.jpg,5.0
5920.jpg,1.0
5921.jpg,1.0
5922.jpg,1.0
5923.jpg,5.0
5924.jpg,0.0
5925.jpg,3.0
5926.jpg,5.0
5927.jpg,1.0
5928.jpg,1.0
5929.jpg,3.0
5930.jpg,6.0
5931.jpg,1.0
5932.jpg,2.0
5933.jpg,3.0
5934.jpg,3.0
5935.jpg,4.0
5936.jpg,2.0
5937.jpg,6.0
5938.jpg,5.0
5939.jpg,7.0
5940.jpg,4.0
5941.jpg,1.0
5942.jpg,1.0
5943.jpg,6.0
5944.jpg,0.0
5945.jpg,4.0
5946.jpg,1.0
5947.jpg,1.0
5948.jpg,1.0
5949.jpg,1.0
5950.jpg,5.0
5951.jpg,4.0
5952.jpg,2.0
5953.jpg,1.0
5954.jpg,3.0
5955.jpg,7.0
5956.jpg,3.0
5957.jpg,1.0
5958.jpg,1.0
5959.jpg,4.0
5960.jpg,4.0
5961.jpg,4.0
5962.jpg,6.0
5963.jpg,5.0
5964.jpg,1.0
5965.jpg,1.0
5967.jpg,5.0
5968.jpg,3.0
5969.jpg,1.0
5970.jpg,1.0
5971.jpg,3.0
5972.jpg,1.0
5973.jpg,0.0
5974.jpg,3.0
5975.jpg,2.0
5976.jpg,1.0
5977.jpg,1.0
5978.jpg,4.0
5979.jpg,0.0
5980.jpg,1.0
5981.jpg,5.0
5982.jpg,5.0
5983.jpg,1.0
5984.jpg,4.0
5985.jpg,4.0
5986.jpg,4.0
5987.jpg,4.0
5988.jpg,0.0
5989.jpg,5.0
5990.jpg,1.0
5991.jpg,4.0
5992.jpg,5.0
5993.jpg,7.0
5994.jpg,0.0
5995.jpg,3.0
5996.jpg,1.0
5997.jpg,3.0
5998.jpg,1.0
5999.jpg,0.0
6000.jpg,3.0
6001.jpg,1.0
6002.jpg,1.0
6003.jpg,1.0
6004.jpg,1.0
6005.jpg,3.0
6006.jpg,3.0
6007.jpg,5.0
6008.jpg,5.0
6009.jpg,0.0
6010.jpg,1.0
6011.jpg,3.0
6012.jpg,3.0
6013.jpg,1.0
6014.jpg,4.0
6015.jpg,1.0
6016.jpg,4.0
6017.jpg,2.0
6018.jpg,0.0
6019.jpg,6.0
6020.jpg,6.0
6021.jpg,0.0
6022.jpg,2.0
6023.jpg,4.0
6024.jpg,0.0
6025.jpg,5.0
6026.jpg,6.0
6027.jpg,1.0
6028.jpg,3.0
6029.jpg,4.0
6030.jpg,4.0
6031.jpg,5.0
6032.jpg,4.0
6033.jpg,1.0
6034.jpg,5.0
6035.jpg,5.0
6036.jpg,3.0
6037.jpg,1.0
6038.jpg,4.0
6039.jpg,5.0
6040.jpg,3.0
6041.jpg,1.0
6042.jpg,1.0
6043.jpg,1.0
6044.jpg,4.0
6045.jpg,1.0
6046.jpg,3.0
6047.jpg,1.0
6048.jpg,1.0
6049.jpg,5.0
6050.jpg,6.0
6051.jpg,4.0
6052.jpg,4.0
6053.jpg,1.0
6054.jpg,1.0
6055.jpg,5.0
6056.jpg,7.0
6057.jpg,1.0
6058.jpg,3.0
6059.jpg,0.0
6060.jpg,2.0
6061.jpg,3.0
6062.jpg,2.0
6063.jpg,4.0
6064.jpg,1.0
6065.jpg,4.0
6066.jpg,1.0
6067.jpg,3.0
6068.jpg,5.0
6069.jpg,1.0
6070.jpg,1.0
6071.jpg,4.0
6072.jpg,2.0
6073.jpg,7.0
6074.jpg,1.0
6075.jpg,0.0
6076.jpg,1.0
6077.jpg,3.0
6078.jpg,3.0
6079.jpg,1.0
6080.jpg,1.0
6081.jpg,1.0
6082.jpg,3.0
6083.jpg,3.0
6084.jpg,1.0
6085.jpg,0.0
6086.jpg,4.0
6087.jpg,5.0
6088.jpg,3.0
6089.jpg,6.0
6090.jpg,1.0
6091.jpg,3.0
6092.jpg,2.0
6093.jpg,1.0
6094.jpg,3.0
6095.jpg,1.0
6096.jpg,1.0
6097.jpg,1.0
6098.jpg,6.0
6099.jpg,0.0
6100.jpg,2.0
6101.jpg,1.0
6102.jpg,3.0
6103.jpg,4.0
6104.jpg,1.0
6106.jpg,1.0
6107.jpg,1.0
6108.jpg,2.0
6109.jpg,5.0
6110.jpg,1.0
6111.jpg,0.0
6112.jpg,1.0
6113.jpg,4.0
6114.jpg,1.0
6115.jpg,1.0
6116.jpg,1.0
6117.jpg,2.0
6118.jpg,1.0
6119.jpg,5.0
6120.jpg,5.0
6121.jpg,5.0
6122.jpg,0.0
6123.jpg,2.0
6124.jpg,1.0
6125.jpg,1.0
6126.jpg,3.0
6127.jpg,1.0
6128.jpg,4.0
6129.jpg,1.0
6130.jpg,1.0
6131.jpg,4.0
6132.jpg,1.0
6133.jpg,1.0
6134.jpg,4.0
6135.jpg,1.0
6136.jpg,0.0
6137.jpg,6.0
6138.jpg,1.0
6139.jpg,5.0
6140.jpg,6.0
6141.jpg,1.0
6142.jpg,3.0
6143.jpg,4.0
6144.jpg,2.0
6145.jpg,1.0
6146.jpg,1.0
6147.jpg,1.0
6148.jpg,7.0
6149.jpg,5.0
6150.jpg,3.0
6151.jpg,3.0
6152.jpg,6.0
6153.jpg,3.0
6154.jpg,1.0
6155.jpg,1.0
6156.jpg,3.0
6157.jpg,1.0
6158.jpg,4.0
6159.jpg,1.0
6160.jpg,3.0
6161.jpg,2.0
6162.jpg,7.0
6163.jpg,3.0
6164.jpg,3.0
6165.jpg,5.0
6166.jpg,1.0
6167.jpg,3.0
6168.jpg,3.0
6169.jpg,5.0
6170.jpg,4.0
6171.jpg,3.0
6172.jpg,1.0
6173.jpg,1.0
6174.jpg,0.0
6175.jpg,0.0
6176.jpg,6.0
6177.jpg,3.0
6178.jpg,5.0
6179.jpg,0.0
6180.jpg,3.0
6181.jpg,2.0
6182.jpg,5.0
6183.jpg,1.0
6184.jpg,1.0
6185.jpg,1.0
6186.jpg,0.0
6187.jpg,3.0
6189.jpg,1.0
6190.jpg,3.0
6191.jpg,0.0
6192.jpg,3.0
6193.jpg,3.0
6194.jpg,4.0
6195.jpg,1.0
6196.jpg,1.0
6197.jpg,3.0
6198.jpg,1.0
6199.jpg,4.0
6200.jpg,6.0
6201.jpg,3.0
6202.jpg,1.0
6203.jpg,1.0
6204.jpg,1.0
6205.jpg,5.0
6206.jpg,2.0
6207.jpg,1.0
6208.jpg,3.0
6209.jpg,1.0
6210.jpg,1.0
6211.jpg,6.0
6212.jpg,1.0
6213.jpg,1.0
6214.jpg,1.0
6215.jpg,3.0
6216.jpg,6.0
6217.jpg,6.0
6218.jpg,6.0
6219.jpg,2.0
6220.jpg,3.0
6221.jpg,1.0
6222.jpg,1.0
6223.jpg,3.0
6224.jpg,1.0
6225.jpg,3.0
6226.jpg,7.0
6227.jpg,4.0
6228.jpg,4.0
6229.jpg,4.0
6230.jpg,6.0
6231.jpg,1.0
6232.jpg,1.0
6233.jpg,7.0
6234.jpg,1.0
6235.jpg,1.0
6236.jpg,5.0
6237.jpg,2.0
6238.jpg,4.0
6239.jpg,7.0
6240.jpg,6.0
6241.jpg,5.0
6242.jpg,1.0
6243.jpg,6.0
6244.jpg,3.0
6245.jpg,5.0
6246.jpg,1.0
6247.jpg,1.0
6248.jpg,6.0
6249.jpg,4.0
6250.jpg,1.0
6251.jpg,4.0
6252.jpg,4.0
6253.jpg,1.0
6254.jpg,3.0
6255.jpg,1.0
6256.jpg,1.0
6257.jpg,5.0
6258.jpg,1.0
6259.jpg,1.0
6260.jpg,6.0
6261.jpg,7.0
6263.jpg,3.0
6264.jpg,5.0
6265.jpg,6.0
6266.jpg,3.0
6267.jpg,2.0
6268.jpg,5.0
6269.jpg,1.0
6270.jpg,5.0
6271.jpg,4.0
6272.jpg,3.0
6273.jpg,5.0
6274.jpg,0.0
6275.jpg,7.0
6276.jpg,1.0
6277.jpg,5.0
6278.jpg,5.0
6279.jpg,3.0
6280.jpg,5.0
6281.jpg,1.0
6282.jpg,2.0
6283.jpg,3.0
6284.jpg,4.0
6285.jpg,1.0
6286.jpg,2.0
6287.jpg,3.0
6288.jpg,1.0
6289.jpg,3.0
6290.jpg,4.0
6291.jpg,1.0
6292.jpg,1.0
6293.jpg,1.0
6294.jpg,3.0
6295.jpg,1.0
6296.jpg,6.0
6297.jpg,0.0
6298.jpg,1.0
6299.jpg,4.0
6300.jpg,1.0
6301.jpg,1.0
6302.jpg,1.0
6303.jpg,1.0
6304.jpg,1.0
6305.jpg,6.0
6306.jpg,1.0
6307.jpg,1.0
6308.jpg,3.0
6309.jpg,7.0
6310.jpg,3.0
6311.jpg,4.0
6312.jpg,1.0
6313.jpg,1.0
6314.jpg,2.0
6315.jpg,3.0
6316.jpg,0.0
6317.jpg,5.0
6318.jpg,3.0
6319.jpg,3.0
6320.jpg,5.0
6321.jpg,3.0
6322.jpg,3.0
6323.jpg,7.0
6324.jpg,5.0
6325.jpg,1.0
6326.jpg,3.0
6327.jpg,0.0
6328.jpg,3.0
6329.jpg,4.0
6330.jpg,1.0
6331.jpg,1.0
6332.jpg,4.0
6333.jpg,6.0
6334.jpg,1.0
6335.jpg,7.0
6336.jpg,6.0
6337.jpg,4.0
6338.jpg,0.0
6339.jpg,1.0
6340.jpg,0.0
6341.jpg,1.0
6342.jpg,7.0
6343.jpg,1.0
6344.jpg,1.0
6345.jpg,0.0
6346.jpg,1.0
6347.jpg,6.0
6348.jpg,1.0
6349.jpg,4.0
6350.jpg,3.0
6351.jpg,1.0
6352.jpg,5.0
6353.jpg,6.0
6354.jpg,3.0
6355.jpg,0.0
6356.jpg,6.0
6357.jpg,1.0
6358.jpg,2.0
6359.jpg,4.0
6360.jpg,1.0
6361.jpg,3.0
6362.jpg,3.0
6363.jpg,4.0
6364.jpg,3.0
6365.jpg,1.0
6366.jpg,5.0
6367.jpg,6.0
6368.jpg,1.0
6369.jpg,3.0
6370.jpg,3.0
6371.jpg,5.0
6372.jpg,0.0
6373.jpg,6.0
6374.jpg,5.0
6375.jpg,3.0
6376.jpg,1.0
6377.jpg,1.0
6378.jpg,7.0
6379.jpg,7.0
6380.jpg,4.0
6381.jpg,3.0
6382.jpg,0.0
6383.jpg,1.0
6384.jpg,1.0
6385.jpg,1.0
6386.jpg,0.0
6387.jpg,6.0
6388.jpg,3.0
6389.jpg,1.0
6390.jpg,3.0
6391.jpg,6.0
6392.jpg,1.0
6393.jpg,2.0
6394.jpg,6.0
6395.jpg,1.0
6396.jpg,4.0
6397.jpg,5.0
6398.jpg,1.0
6399.jpg,7.0
6400.jpg,3.0
6401.jpg,6.0
6402.jpg,2.0
6403.jpg,6.0
6404.jpg,1.0
6405.jpg,1.0
6406.jpg,3.0
6407.jpg,1.0
6408.jpg,0.0
6409.jpg,4.0
6410.jpg,3.0
6411.jpg,4.0
6412.jpg,7.0
6413.jpg,1.0
6414.jpg,6.0
6415.jpg,4.0
6416.jpg,6.0
6417.jpg,7.0
6418.jpg,1.0
6419.jpg,3.0
6420.jpg,1.0
6421.jpg,1.0
6422.jpg,1.0
6423.jpg,0.0
6424.jpg,1.0
6425.jpg,0.0
6426.jpg,4.0
6427.jpg,1.0
6428.jpg,6.0
6429.jpg,1.0
6430.jpg,5.0
6431.jpg,1.0
6432.jpg,2.0
6433.jpg,1.0
6434.jpg,3.0
6435.jpg,5.0
6436.jpg,1.0
6437.jpg,1.0
6439.jpg,1.0
6440.jpg,1.0
6441.jpg,2.0
6443.jpg,3.0
6444.jpg,1.0
6445.jpg,3.0
6446.jpg,1.0
6447.jpg,6.0
6448.jpg,2.0
6449.jpg,7.0
6450.jpg,4.0
6451.jpg,1.0
6452.jpg,4.0
6453.jpg,1.0
6454.jpg,3.0
6455.jpg,4.0
6456.jpg,3.0
6457.jpg,3.0
6458.jpg,0.0
6459.jpg,3.0
6460.jpg,3.0
6461.jpg,1.0
6462.jpg,2.0
6463.jpg,4.0
6464.jpg,1.0
6465.jpg,3.0
6466.jpg,2.0
6467.jpg,3.0
6468.jpg,1.0
6469.jpg,6.0
6470.jpg,1.0
6471.jpg,2.0
6472.jpg,1.0
6473.jpg,4.0
6474.jpg,1.0
6475.jpg,5.0
6476.jpg,2.0
6477.jpg,5.0
6478.jpg,1.0
6479.jpg,4.0
6480.jpg,3.0
6481.jpg,1.0
6482.jpg,1.0
6483.jpg,5.0
6484.jpg,4.0
6485.jpg,3.0
6486.jpg,1.0
6487.jpg,4.0
6488.jpg,5.0
6489.jpg,5.0
6490.jpg,1.0
6491.jpg,1.0
6492.jpg,0.0
6493.jpg,4.0
6494.jpg,1.0
6495.jpg,1.0
6496.jpg,3.0
6497.jpg,1.0
6498.jpg,3.0
6499.jpg,5.0
6500.jpg,5.0
6501.jpg,1.0
6502.jpg,3.0
6503.jpg,4.0
6504.jpg,5.0
6505.jpg,3.0
6506.jpg,1.0
6507.jpg,3.0
6508.jpg,3.0
6509.jpg,2.0
6510.jpg,2.0
6511.jpg,5.0
6512.jpg,7.0
6513.jpg,2.0
6514.jpg,4.0
6515.jpg,5.0
6516.jpg,6.0
6517.jpg,1.0
6518.jpg,1.0
6519.jpg,1.0
6520.jpg,4.0
6521.jpg,6.0
6522.jpg,3.0
6523.jpg,5.0
6524.jpg,1.0
6525.jpg,1.0
6526.jpg,3.0
6527.jpg,4.0
6528.jpg,5.0
6529.jpg,1.0
6530.jpg,2.0
6531.jpg,1.0
6532.jpg,1.0
6533.jpg,3.0
6534.jpg,0.0
6535.jpg,4.0
6536.jpg,4.0
6537.jpg,6.0
6538.jpg,6.0
6539.jpg,1.0
6540.jpg,7.0
6541.jpg,4.0
6542.jpg,1.0
6543.jpg,1.0
6544.jpg,1.0
6545.jpg,4.0
6546.jpg,3.0
6547.jpg,2.0
6548.jpg,3.0
6549.jpg,2.0
6550.jpg,5.0
6551.jpg,1.0
6552.jpg,0.0
6553.jpg,4.0
6554.jpg,3.0
6555.jpg,1.0
6556.jpg,0.0
6557.jpg,4.0
6558.jpg,1.0
6559.jpg,2.0
6560.jpg,1.0
6561.jpg,2.0
6562.jpg,1.0
6563.jpg,3.0
6564.jpg,5.0
6565.jpg,2.0
6566.jpg,1.0
6567.jpg,0.0
6568.jpg,6.0
6569.jpg,0.0
6570.jpg,2.0
6571.jpg,5.0
6572.jpg,1.0
6574.jpg,4.0
6575.jpg,1.0
6576.jpg,0.0
6577.jpg,3.0
6578.jpg,1.0
6579.jpg,6.0
6580.jpg,1.0
6581.jpg,5.0
6582.jpg,0.0
6583.jpg,2.0
6584.jpg,1.0
6585.jpg,3.0
6586.jpg,3.0
6587.jpg,1.0
6588.jpg,7.0
6589.jpg,1.0
6590.jpg,1.0
6591.jpg,1.0
6592.jpg,5.0
6593.jpg,1.0
6594.jpg,1.0
6595.jpg,1.0
6596.jpg,4.0
6597.jpg,3.0
6598.jpg,7.0
6599.jpg,2.0
6600.jpg,3.0
6601.jpg,2.0
6602.jpg,4.0
6603.jpg,6.0
6604.jpg,4.0
6605.jpg,6.0
6606.jpg,1.0
6607.jpg,3.0
6608.jpg,7.0
6609.jpg,1.0
6610.jpg,3.0
6611.jpg,1.0
6612.jpg,0.0
6613.jpg,3.0
6614.jpg,6.0
6615.jpg,1.0
6616.jpg,1.0
6617.jpg,2.0
6618.jpg,3.0
6619.jpg,7.0
6620.jpg,1.0
6621.jpg,0.0
6622.jpg,1.0
6623.jpg,4.0
6624.jpg,4.0
6625.jpg,4.0
6626.jpg,3.0
6627.jpg,1.0
6628.jpg,0.0
6629.jpg,1.0
6630.jpg,4.0
6631.jpg,4.0
6632.jpg,1.0
6633.jpg,0.0
6634.jpg,1.0
6635.jpg,7.0
6636.jpg,3.0
6637.jpg,0.0
6638.jpg,3.0
6639.jpg,3.0
6642.jpg,6.0
6643.jpg,7.0
6644.jpg,6.0
6645.jpg,5.0
6646.jpg,1.0
6647.jpg,3.0
6648.jpg,4.0
6649.jpg,5.0
6650.jpg,1.0
6651.jpg,4.0
6652.jpg,4.0
6653.jpg,3.0
6654.jpg,5.0
6655.jpg,1.0
6656.jpg,3.0
6657.jpg,3.0
6658.jpg,1.0
6659.jpg,1.0
6660.jpg,3.0
6661.jpg,4.0
6662.jpg,1.0
6663.jpg,5.0
6664.jpg,1.0
6665.jpg,4.0
6666.jpg,2.0
6667.jpg,1.0
6668.jpg,4.0
6669.jpg,1.0
6670.jpg,2.0
6671.jpg,5.0
6672.jpg,1.0
6673.jpg,1.0
6674.jpg,2.0
6675.jpg,4.0
6676.jpg,3.0
6677.jpg,3.0
6678.jpg,1.0
6679.jpg,6.0
6680.jpg,3.0
6681.jpg,6.0
6682.jpg,1.0
6683.jpg,5.0
6684.jpg,1.0
6685.jpg,1.0
6686.jpg,3.0
6687.jpg,1.0
6688.jpg,6.0
6689.jpg,4.0
6690.jpg,5.0
6691.jpg,0.0
6692.jpg,1.0
6693.jpg,1.0
6694.jpg,4.0
6696.jpg,7.0
6697.jpg,1.0
6698.jpg,5.0
6699.jpg,1.0
6700.jpg,1.0
6701.jpg,1.0
6702.jpg,4.0
6703.jpg,3.0
6704.jpg,4.0
6705.jpg,1.0
6706.jpg,5.0
6707.jpg,1.0
6708.jpg,1.0
6709.jpg,1.0
6710.jpg,1.0
6711.jpg,1.0
6712.jpg,5.0
6713.jpg,1.0
6714.jpg,6.0
6715.jpg,0.0
6716.jpg,0.0
6717.jpg,4.0
6718.jpg,3.0
6719.jpg,4.0
6720.jpg,4.0
6721.jpg,5.0
6722.jpg,1.0
6723.jpg,3.0
6724.jpg,1.0
6725.jpg,1.0
6726.jpg,1.0
6727.jpg,5.0
6728.jpg,3.0
6730.jpg,1.0
6731.jpg,3.0
6732.jpg,3.0
6733.jpg,2.0
6734.jpg,1.0
6735.jpg,1.0
6736.jpg,0.0
6737.jpg,3.0
6738.jpg,5.0
6739.jpg,3.0
6740.jpg,1.0
6741.jpg,1.0
6742.jpg,2.0
6743.jpg,5.0
6744.jpg,3.0
6745.jpg,1.0
6746.jpg,4.0
6747.jpg,1.0
6748.jpg,3.0
6749.jpg,3.0
6750.jpg,4.0
6751.jpg,4.0
6752.jpg,2.0
6753.jpg,3.0
6754.jpg,1.0
6755.jpg,4.0
6756.jpg,3.0
6757.jpg,1.0
6758.jpg,0.0
6759.jpg,0.0
6760.jpg,7.0
6761.jpg,1.0
6762.jpg,6.0
6763.jpg,1.0
6764.jpg,2.0
6765.jpg,4.0
6766.jpg,2.0
6767.jpg,0.0
6768.jpg,1.0
6769.jpg,0.0
6770.jpg,2.0
6771.jpg,5.0
6772.jpg,4.0
6773.jpg,2.0
6774.jpg,1.0
6775.jpg,2.0
6776.jpg,1.0
6777.jpg,0.0
6778.jpg,6.0
6779.jpg,4.0
6780.jpg,5.0
6781.jpg,6.0
6782.jpg,4.0
6783.jpg,5.0
6784.jpg,3.0
6785.jpg,3.0
6786.jpg,3.0
6787.jpg,5.0
6788.jpg,1.0
6789.jpg,7.0
6790.jpg,6.0
6791.jpg,1.0
6792.jpg,4.0
6793.jpg,4.0
6794.jpg,6.0
6795.jpg,6.0
6796.jpg,1.0
6797.jpg,2.0
6798.jpg,4.0
6799.jpg,4.0
6800.jpg,3.0
6801.jpg,4.0
6802.jpg,1.0
6803.jpg,1.0
6804.jpg,1.0
6805.jpg,3.0
6806.jpg,1.0
6807.jpg,1.0
6808.jpg,5.0
6809.jpg,1.0
6810.jpg,5.0
6811.jpg,1.0
6812.jpg,1.0
6813.jpg,2.0
6814.jpg,1.0
6815.jpg,3.0
6816.jpg,1.0
6817.jpg,1.0
6818.jpg,3.0
6819.jpg,1.0
6820.jpg,0.0
6821.jpg,3.0
6822.jpg,3.0
6823.jpg,1.0
6824.jpg,1.0
6825.jpg,4.0
6826.jpg,3.0
6827.jpg,3.0
6828.jpg,1.0
6829.jpg,0.0
6830.jpg,1.0
6831.jpg,3.0
6832.jpg,6.0
6833.jpg,4.0
6834.jpg,2.0
6835.jpg,6.0
6836.jpg,3.0
6837.jpg,1.0
6838.jpg,3.0
6839.jpg,2.0
6840.jpg,3.0
6841.jpg,3.0
6842.jpg,0.0
6843.jpg,0.0
6844.jpg,5.0
6845.jpg,7.0
6846.jpg,1.0
6847.jpg,2.0
6848.jpg,1.0
6849.jpg,2.0
6850.jpg,1.0
6851.jpg,2.0
6852.jpg,1.0
6853.jpg,4.0
6854.jpg,7.0
6855.jpg,0.0
6856.jpg,3.0
6857.jpg,1.0
6858.jpg,6.0
6859.jpg,1.0
6860.jpg,1.0
6862.jpg,3.0
6863.jpg,3.0
6864.jpg,1.0
6865.jpg,2.0
6866.jpg,1.0
6867.jpg,1.0
6868.jpg,1.0
6869.jpg,5.0
6870.jpg,5.0
6871.jpg,1.0
6872.jpg,2.0
6873.jpg,2.0
6874.jpg,4.0
6875.jpg,4.0
6876.jpg,3.0
6877.jpg,7.0
6878.jpg,6.0
6879.jpg,3.0
6880.jpg,2.0
6881.jpg,4.0
6882.jpg,3.0
6883.jpg,1.0
6884.jpg,4.0
6885.jpg,1.0
6886.jpg,1.0
6887.jpg,5.0
6888.jpg,3.0
6889.jpg,1.0
6890.jpg,4.0
6891.jpg,3.0
6892.jpg,1.0
6893.jpg,3.0
6894.jpg,1.0
6895.jpg,2.0
6896.jpg,1.0
6897.jpg,2.0
6898.jpg,1.0
6899.jpg,3.0
6900.jpg,1.0
6901.jpg,1.0
6902.jpg,1.0
6903.jpg,0.0
6904.jpg,1.0
6905.jpg,4.0
6906.jpg,3.0
6907.jpg,3.0
6908.jpg,3.0
6909.jpg,5.0
6910.jpg,4.0
6911.jpg,5.0
6912.jpg,1.0
6913.jpg,1.0
6914.jpg,3.0
6915.jpg,4.0
6916.jpg,2.0
6917.jpg,1.0
6918.jpg,3.0
6919.jpg,1.0
6920.jpg,3.0
6921.jpg,5.0
6923.jpg,6.0
6924.jpg,3.0
6925.jpg,3.0
6926.jpg,4.0
6927.jpg,5.0
6928.jpg,0.0
6929.jpg,5.0
6930.jpg,6.0
6931.jpg,3.0
6932.jpg,2.0
6933.jpg,2.0
6934.jpg,4.0
6935.jpg,2.0
6936.jpg,1.0
6937.jpg,3.0
6938.jpg,2.0
6939.jpg,4.0
6940.jpg,5.0
6941.jpg,7.0
6942.jpg,0.0
6943.jpg,5.0
6944.jpg,3.0
6945.jpg,1.0
6946.jpg,1.0
6947.jpg,2.0
6948.jpg,1.0
6949.jpg,4.0
6950.jpg,4.0
6951.jpg,0.0
6952.jpg,0.0
6953.jpg,4.0
6954.jpg,3.0
6955.jpg,3.0
6956.jpg,1.0
6957.jpg,4.0
6958.jpg,1.0
6959.jpg,3.0
6960.jpg,1.0
6961.jpg,1.0
6962.jpg,5.0
6963.jpg,4.0
6964.jpg,7.0
6965.jpg,4.0
6966.jpg,4.0
6967.jpg,1.0
6968.jpg,3.0
6969.jpg,4.0
6970.jpg,1.0
6971.jpg,2.0
6972.jpg,6.0
6973.jpg,5.0
6974.jpg,1.0
6975.jpg,1.0
6976.jpg,3.0
6977.jpg,3.0
6978.jpg,6.0
6979.jpg,1.0
6980.jpg,1.0
6981.jpg,3.0
6982.jpg,3.0
6983.jpg,6.0
6984.jpg,2.0
6985.jpg,1.0
6986.jpg,1.0
6987.jpg,1.0
6988.jpg,4.0
6989.jpg,1.0
6990.jpg,5.0
6991.jpg,4.0
6992.jpg,4.0
6993.jpg,5.0
6994.jpg,1.0
6995.jpg,4.0
6996.jpg,0.0
6997.jpg,7.0
6998.jpg,5.0
6999.jpg,3.0
7000.jpg,4.0
7001.jpg,3.0
7002.jpg,5.0
7003.jpg,1.0
7004.jpg,3.0
7005.jpg,1.0
7006.jpg,4.0
7007.jpg,6.0
7008.jpg,3.0
7009.jpg,1.0
7010.jpg,3.0
7012.jpg,0.0
7013.jpg,1.0
7014.jpg,2.0
7015.jpg,1.0
7016.jpg,5.0
7017.jpg,0.0
7018.jpg,5.0
7019.jpg,3.0
7020.jpg,1.0
7021.jpg,1.0
7022.jpg,5.0
7023.jpg,2.0
7024.jpg,5.0
7025.jpg,4.0
7026.jpg,7.0
7027.jpg,4.0
7028.jpg,1.0
7029.jpg,4.0
7030.jpg,2.0
7031.jpg,3.0
7032.jpg,1.0
7033.jpg,4.0
7034.jpg,5.0
7035.jpg,3.0
7036.jpg,5.0
7037.jpg,2.0
7038.jpg,1.0
7039.jpg,4.0
7040.jpg,3.0
7041.jpg,4.0
7042.jpg,1.0
7043.jpg,1.0
7044.jpg,1.0
7045.jpg,4.0
7046.jpg,1.0
7047.jpg,1.0
7048.jpg,1.0
7049.jpg,3.0
7050.jpg,1.0
7051.jpg,1.0
7052.jpg,3.0
7053.jpg,3.0
7054.jpg,3.0
7055.jpg,4.0
7056.jpg,5.0
7057.jpg,1.0
7058.jpg,7.0
7059.jpg,5.0
7060.jpg,5.0
7061.jpg,3.0
7062.jpg,1.0
7063.jpg,7.0
7064.jpg,3.0
7065.jpg,2.0
7066.jpg,1.0
7067.jpg,0.0
7068.jpg,1.0
7069.jpg,0.0
7070.jpg,3.0
7071.jpg,1.0
7072.jpg,1.0
7073.jpg,3.0
7074.jpg,1.0
7075.jpg,6.0
7076.jpg,0.0
7077.jpg,1.0
7078.jpg,7.0
7079.jpg,3.0
7080.jpg,3.0
7081.jpg,2.0
7082.jpg,1.0
7083.jpg,4.0
7084.jpg,3.0
7085.jpg,2.0
7086.jpg,5.0
7087.jpg,3.0
7088.jpg,4.0
7089.jpg,1.0
7090.jpg,1.0
7091.jpg,3.0
7092.jpg,1.0
7093.jpg,5.0
7094.jpg,4.0
7095.jpg,1.0
7096.jpg,5.0
7097.jpg,5.0
7098.jpg,4.0
7099.jpg,4.0
7100.jpg,1.0
7101.jpg,1.0
7102.jpg,1.0
7103.jpg,1.0
7104.jpg,6.0
7105.jpg,3.0
7106.jpg,1.0
7107.jpg,3.0
7108.jpg,0.0
7109.jpg,7.0
7110.jpg,2.0
7111.jpg,7.0
7112.jpg,1.0
7113.jpg,1.0
7114.jpg,4.0
7115.jpg,3.0
7116.jpg,1.0
7117.jpg,5.0
7118.jpg,3.0
7119.jpg,1.0
7120.jpg,1.0
7121.jpg,3.0
7122.jpg,0.0
7123.jpg,2.0
7124.jpg,3.0
7125.jpg,2.0
7127.jpg,4.0
